Order ID	Job ID	Job Name	Job Description	Imprints

10780	546	Vertigo	Full color digital print across chest of white American Apparel t-shirts.	Direct To Garment,Front
10788	549	Creeperface!	One Kelly green Gildan 2000 t-shirt with digital print on front.	Direct To Garment,Front
11097	565	RStudioz Tees	White tees with digital print on front and back.	Direct To Garment,Front,Back
11144	572	GG	Scoop Neck Bella 8703. White shirt, fuchsia ink. DTG.	Direct To Garment,Front
11144	573	Gina Geans	Scoop Neck Bella 8703. White shirt, fuchsia ink. DTG.	Direct To Garment,Front
11147	577	Christian's Starship Shirt	Gildan 2000 ice gray. Medium. Digital print on front chest and left bottom.	Direct To Garment,Front
11148	578	Philip's T-shirts	White shirts with digital print on front and back.	Direct To Garment,Front,Back
11247	583	UM Pre-Dental	Three color front, one color back print on Gildan Metro-Blue shirts.	Screen Print,3-C,Front	Screen Print,1-C,Back
11262	588	Google Kilo	Light Blue American Apparel 2001. Digital print on front and back.	Direct To Garment,Front,Back
11263	589	Google Kilo	Light Blue American Apparel 2001. Digital print on front and back.	Direct To Garment,Front,Back
11378	592	Sapphire Swimming Shirt for Katherine	Medium Sapphire Gildan 2000 shirt with black ink on front and back. Digital print.	Direct To Garment,Front,Back
11399	597	Tri-Delt Pancake Breakfast	American Apparel White V-necks with three color front and one color back.	Screen Print,3-C,Front	Screen Print,1-C,Back
11402	598	Toby's Girl	Pink Next Level 3300L with digital print on front chest.	Direct To Garment,Front
11409	599	LA Direction 2011	Ice gray Gildan shirts with black digital print on front and back.	Direct To Garment,Front,Back
11443	601	Budz n Sudz	Gildan lime green shirts with digital print on front and unique names on back.	Direct To Garment,Front,Back
11446	602	Scott da Badass	Digital print on front of white t-shirts.	Direct To Garment,Front
11528	606	AAYLA Totes	"Digital print on one side of natural 14""x16"" canvas totes."	Direct To Garment,Front
11529	608	STAFF	Full color digital print on front. Screen printed STAFF on back.	Direct To Garment,Front,Back
11533	609	Architecture: Do it with Models	American Apparel, anvil shirts with one color print on front and back.	Screen Print,1-C,Front
11560	610	CANDLELIGHT	Light blue large shirt with digital printing on front and back.	Direct To Garment,Front,Back
11561	611	Asia Business Conference	Black shirts with two color print on front, one color print on back + our logo on sleeve.	Screen Print,2-C,Front	Screen Print,1-C,Back
11567	615	1/4 Zips	Oxford gray 1/4 zips with maize embroidery on left chest + unique numbers on right arm sleeve	Embroidery
11652	618	Filmic Shirts	Ice gray Gildan shirts with full color front and back print.	Screen Print,Full Color,Front
11669	621	Monkey Mike's	White shirt with brown rings. Digital print on front.	Direct To Garment,Front
11712	625	Skip-Bo	White t-shirt and light blue hoody w/ digital print on front.	Direct To Garment,Front
11715	626	TRIHOP Follow Up	White American Apparel v-necks. 3 color front, 1 color back.	Screen Print,3-C,Front	Screen Print,1-C,Back
11719	631	The Pink Ruby	White Anvil 325 Strap Tank w/ digital print on front and back.	Direct To Garment,Front,Back
11757	635	V-neck for Beatrice	Small white American Apparel v-neck with digital print on front and back.	Direct To Garment,Front,Back
11841	637	Denatonium Benzoate	Digital print on front and back of Anvil 1441 Frost Sky shirt.	Direct To Garment,Front,Back
11964	640	Toledo Pi Kapps OH YEAH	Green t-shirts with three color front, one color back. American Apparel men's and women's.	Screen Print,3-C,Front	Screen Print,1-C,Back
12011	648	Julia Spiese Shirt	White Bella Vintage Scoop neck. Full color digital print on front.	Direct To Garment,Front
12088	654	Baby Football Player	White shirts with digital print on front.	Direct To Garment,Front
12138	659	Feeny Shirt	Digital print on front, back, and left sleeve of sport gray Gildan t-shirt.	Direct To Garment,Front
12143	660	Cooley Republicans	Digital print on red Am App shirts with print on chest, back and sleeve.	Direct To Garment,Front
12148	663	Gildan cotton tank tops	White with digital print on front and back. Green is R 128, G255, B0	Direct To Garment,Front,Back
12156	666	OG/EL Tees	Next Level Apparel CVC Tees. White with digital print on front, back, and tag.	Direct To Garment,Front
12255	667	Hoodies	Black hoodies with three color print on front chest.	Screen Print,3-C,Front
12265	673	Vail Ski Team	Light Blue Gildan shirts with digital print on front and back.	Direct To Garment,Front,Back
12266	674	Alicia Hoxsie	White Gildan shirt with pocket. Full color digital print on front back, and both sleeves.	Direct To Garment,Front
12308	675	B-Day Shirts for Nancy	Digital print on front of various colored youth shirts.	Direct To Garment,Front
12316	676	Charlie Company Polos	Red and gold stitching on left chest.	Embroidery
12423	683	Man Night Official Seal	Silver American Apparel Tees with digital print on front.	Direct To Garment,Front
12426	684	Tammie Loomis Tees	Digital print on front and back.	Direct To Garment,Front,Back
12429	687	American Flag Donut	Ice gray Gildan shirts with digital print on front.	Direct To Garment,Front
12440	691	Biggest Loser Shirts	Three color print on front of various t-shirts.	Screen Print,3-C,Front
12496	700	Compel Interaction Polos	Black K500 polos with white and orange thread on front left chest.	Embroidery
12537	708	Yellow T-shirts	Three color front, Two color + our logo on back.	Screen Print,3-C,Front
12797	712	Please Don't Leave	Anvil 979 in navy. Three color print on front. One color print on back.	Screen Print,3-C,Front	Screen Print,1-C,Back
12850	720	Two DTG Hoodies	Gildan 18500 pullover hoodies in ash gray with digital print on front.	Direct To Garment,Front
12860	725	Ashley's Spring Break Tank	White gildan tanks with digital print on front and back.	Direct To Garment,Front,Back
12936	728	Capitol Supply and Service	Red cap with white embroidery	Embroidery
12938	730	Bottoms	BOTTOMS: 12300 Black and Halloway Frenzy in black......White thread on all.	Embroidery
13010	735	Chelsea Area Players	Daisy Gildan t-shirts. Three color print on front. Our logo on back.	Screen Print,3-C,Front
13079	742	Yes, Dear!	Two yellow shirts with a digital print on front and back.	Direct To Garment,Front,Back
13159	746	Scream 4	Black American Apparel t-shirts with two color print on front and back.	Screen Print,2-C,Front
13197	757	Under the Same Sun	Black Next Level shirts. Three color print on front, one color print on back.	Screen Print,3-C,Front	Screen Print,1-C,Back
13302	767	+ Sleeve Print	DTG Sleeves on. Green ink, match as close as possible to plastisol on chest and back	Direct To Garment,Front
13339	772	Sex Drugs Purple Hash	White shirts, purple and green ink on front. DTG	Direct To Garment,Front
13377	780	Pullover Hoodies	Three color print on front, name and number on back.	Screen Print,3-C,Front
13429	787	Got Tag?	Red shirts, White Front, White/Black back, Black DTG print on sleeves	Direct To Garment,Front
12447	788	Official Dealer	Three color front + OFFICIAL DEALER on back	Screen Print,3-C,Front
13459	789	Rush Embroidery for Scott	Black Timberland 1/4 zip pullovers with embroidery on left chest.	Embroidery
13465	790	Mulvania St Pat's Shirts	Ash Gray Hanes Nano Tees. Digital print on front and back.	Direct To Garment,Front,Back
13602	797	Kristina's Lab Shirts	Light Blue t-shirts with digital print on front and back.	Direct To Garment,Front,Back
13604	798	Bee Embroidery	Navy 1/4 zip Jerzee pullovers with embroidery on left chest.	Embroidery
13632	800	A&N Apothecary	White Gildan T-shirts with digital print on front.	Direct To Garment,Front
13657	804	IU Law Sweater Vests	Men's and women's red sweater vests with embroidery on left chest.	Embroidery
13670	808	Emily Preston Rahim	Royal blue shirts with a one color front and two color back.	Screen Print,1-C,Front	Screen Print,2-C,Back
13672	809	Greisshammer Bags	Navy Ultraclub 8881 Sport Packs with a one color print on front.	Screen Print,1-C,Front
13675	810	Fitness 24 Shirts, Aaron	White shirts with digital print on front and back	Direct To Garment,Front,Back
13745	821	North Campus Service Day	Orange shirts with a two color print on front.	Screen Print,2-C,Front
13758	825	Mercer IFC Embroidery	Butter Yellow Oxfords with embroidery over pocket.	Embroidery
13898	835	Solo Aviation Team Tees	2-Color Front, 1-Color Back	Screen Print,2-C,Front	Screen Print,1-C,Back
13904	836	Michigan Winning	1CF, Navy Tees	Screen Print,1-C,Front
13906	837	Black Tees	25 shirts - 2color front (white, red) - 1 color back (white)	Screen Print,1-C,Back
13913	840	Japan Fundraiser Tees	1CF/1CB	Screen Print,1-C,Front	Screen Print,1-C,Back
13925	844	Black Tees	4 color front - 1 color back	Screen Print,4-C,Front	Screen Print,1-C,Back
13972	851	One Campaign Food Fight	2-Color Front, 1-color back	Screen Print,2-C,Front	Screen Print,1-C,Back
13990	852	Hellbilly Motorcycles	3CF , 3CB (White, Red, Brown)	Screen Print,3-C,Front	Screen Print,3-C,Back
14048	857	Japan Fundraiser Tees	1-CF/1-CB	Screen Print,1-C,Front	Screen Print,1-C,Back
14254	864	Tall Tee for Eric	Digital print on XL white tall tee.	Direct To Garment,Front
14305	871	Comco	White and black long sleeve raglan shirts by Canvas. Digital print on front and back (unique names and numbers on back).	Direct To Garment,Front,Back
14309	872	White Hoodies	Red and blue digital print across front chest.	Direct To Garment,Front
14316	875	1st B Day Zebra	Digital print on front chest of onesie.	Direct To Garment,Front
14358	877	So Fly Like D Criss	One Medium white shirt with digital print on front.	Direct To Garment,Front
14377	886	Hair	White Shirt with digital print on front.	Direct To Garment,Front
14377	887	Black is Beautiful	White shirt with digital print on front.	Direct To Garment,Front
14536	920	Box for Brian	Ash tees and hoodies. Digital print on front and back.	Direct To Garment,Front,Back
14536	919	Box for Chris	Ash tees and hoodies. Digital print on front and back. Hoodie for Matt.	Direct To Garment,Front,Back
14536	921	Box for Cesar	Ash tees and hoodies. Digital print on front and back.	Direct To Garment,Front,Back
14536	922	Box for David	"Ash tees and hoodies. Digital print on front and back. 

2 Polos with ""David Landau, Owner"" on front."	Direct To Garment,Front,Back
14536	923	Boxed for DeEtta	Ash tees and hoodies. Digital print on front and back.	Direct To Garment,Front,Back
14621	925	In Memory of Darius	White shirts with digital print on front and back.	Direct To Garment,Front,Back
14659	926	Tridelt Senior Triblend V-necks	2-Color Front, 1-Color Back	Screen Print,2-C,Front	Screen Print,1-C,Back
14659	927	Tridelt Senior Triblend V-necks (No Back)	2-Color Front	Screen Print,2-C,Front
14665	930	Matan Embroidery: Top Mast Receivers	Digital print on front of natural shirts.	Embroidery
14675	932	Zambia's Scholarship Fund	White shirts with full color digital print on front and back + our logo.	Direct To Garment,Front,Back
14691	937	Sunseed Farm	53 shirts with DTG print on front chest.	Direct To Garment,Front
14704	941	MBLGTACC, part II	Four color print on front, 1 color print on back. Exact re-print of earlier order.	Screen Print,4-C,Front	Screen Print,1-C,Back
14713	944	Cricket World Cup	Light Blue Gildan t-shirt with digital print on front and back.	Direct To Garment,Front,Back
14716	946	Where the Wild Things Are	White American Apparel crew neck and v-neck t-shirts with digital print.	Direct To Garment,Front
14725	947	Quest Japan Follow Up	1-CF/1-CB	Screen Print,1-C,Front	Screen Print,1-C,Back
14743	948	3SCustoms April 2011	6DTG Front Tees	Direct To Garment,Front
14746	951	Urban Employ	Full color digital print on left chest of ash gray polo. 2XL	Direct To Garment,Front
14901	962	Triangle Relay for Life	78 Black T-shirts, 2-Color Front	Screen Print,2-C,Front
14959	978	Digital Prints for D. Lorence, II	Seven White XL t-shirts with digital print on front left chest.	Direct To Garment,Front
14963	979	Katie's Radical Starkid Uberfan Tee	Sky Gildan shirt with digital print on front, back, and sleeves.	Direct To Garment,Front
14970	980	The Establishment	White shirts with a digital print on front and back.	Direct To Garment,Front,Back
14996	983	Irish Lacrosse	Digital print on front of three shirts for infant + toddlers.	Direct To Garment,Front
15005	986	Michigan Variety Hoodies 2011 FOLLOW UP	Red Hoody with one color print on back.	Screen Print,1-C,Back
15059	996	Embroidered Quarter Zips	Jerzees Quarter Zip Fleece. Navy with gray/silver thread on left chest.	Embroidery
15102	1004	Annie Yoo's Michigan Tee	Digital print. Navy with gold trim.	Direct To Garment,Front
15118	1012	Tranquil Being	Black organic polos with light blue thread on left chest	Embroidery
15244	1019	Pitch Slap T-shirts	Digital print on front and back of ice gray shirts.	Direct To Garment,Front,Back
15264	1024	MEAN, Inc.	White tees with black digital print on front, back, and left sleeve.	Direct To Garment,Front
15266	1025	Courtney's Custom Tee	Digital print on white XL shirt with print on front, back, and sleeves.	Direct To Garment,Front
15290	1028	Matan Embroidery: UM Naval	Navy Gildan 2000 shirts with maize ink on front and back.	Embroidery
15325	1034	Gunday T-shirt	Three color print on front of one shirt. Screen print. White, black, maroon ink.	Screen Print,3-C,Front
15335	1035	Stoneberg Hoodies	White pullover hoodies with digital print on front and back.	Direct To Garment,Front,Back
15344	1037	Steph Bar Crawl	Blue ink on front, digital. Art already adjusted with color values in photoshop file.	Direct To Garment,Front
15395	1044	Ecuador Shirt	Daisy Gildan shirts with a digital print on front and back.	Direct To Garment,Front,Back
15428	1046	It is What It is.	Raspberry American Apparel 2001 t-shirts with three color print on front. White, Carolina Blue, and black ink on front chest.	Screen Print,3-C,Front
15435	1048	Anvil Polos, Digital Print.	Digital print on front and back.	Direct To Garment,Front,Back
15435	1049	Flex Fit Hats	Embroidery on front of six flex fit hats.	Embroidery
15436	1050	Custom Tote and Starkid Top	Custom digital print on tote + large 2102 red Keep Calm top.	Direct To Garment,Front
15442	1051	Sample Shirt	Digital print on front and back.	Direct To Garment,Front,Back
15612	1063	Could You Do Me a Favor?	Digital print on front and soft-hand screen print on back.	Direct To Garment,Front,Back
15616	1064	Three Dog Nursery	Various shirts with digital print on front left chest.	Direct To Garment,Front
15636	1065	1 Hockey Shirt	Black DTG print on front of blank shirt.	Direct To Garment,Front
15602	1075	Embroidered Trucker Hat	Embroidery on front of trucker hat	Embroidery
15683	1082	Mocha Mountain T-shirts	Full color digital print on front and back of white T-shirts	Direct To Garment,Front,Back
15689	1085	War of the Roses	Digital print on the front and back of white Gildan shirts.	Direct To Garment,Front,Back
15694	1087	Selia Shirts	Digital print on front and back.	Direct To Garment,Front,Back
15729	1089	Corms	Full color print on front, One color print on back of 103 shirts	Screen Print,1-C,Back	Screen Print,Full Color,Front
15846	1096	Sharks!	Digital print on front. Unique number on left sleeve and full back.	Direct To Garment,Front
15856	1103	AP German	Digital print on front and back of white v-necks. Shipping to TX.	Direct To Garment,Front,Back
15864	1104	Sammy Seniors	Gildan Ice Gray shirts with a digital print on front and back.	Direct To Garment,Front,Back
15891	1109	Slackers	"1 XXL (AA 2001ORG natural/kelly stitching)
1 womens medium (similar color in non AA girls size)"	Embroidery
15893	1116	DC Totally Awesome	Digital print on white shirts	Direct To Garment,Front
15905	1121	Skyline Hairspray Production Shirts	White shirts with four color process print on front and one color print on back.	Screen Print,1-C,Back
15945	1123	Gadsden Flag Shirt	1 XXL daisy shirt with a digital print on front.	Direct To Garment,Front
15985	1130	Kant Touch This	Digital print on the front and back of white American Apparel t-shirts.	Direct To Garment,Front,Back
16016	1139	Weasley Tank Tops	White 2x1 Racerback tank tops with digital print on front.	Direct To Garment,Front
16018	1140	Phys Ed	Sport Gray GIldan shirt with digital print on front.	Direct To Garment,Front
16556	1145	Jaleel's Shirt	Long sleeve sport gray shirt with digital print on front, back, and both sleeves. Black and purple ink only.	Direct To Garment,Front
16839	1147	Loves Everyone / Bad Teeth	Next Level Boyfriend Tee. White with digital print.	Direct To Garment,Front
16957	1156	Say Yes Fitness	Digital print on left chest of white ladies' polo.	Direct To Garment,Front
17003	1168	Gengler-Hazel Road Trip	Black digital print on front and back of tie-dye t-shirts.	Direct To Garment,Front,Back
17110	1169	Mother's Day Shirts	Light Blue shirts with a digital print on the front.	Direct To Garment,Front
17116	1170	Shirts for Jerry's Cousin	Digital print on front, back, and sleeve of four white shirts.	Direct To Garment,Front
17118	1171	Jefferson Market and Cakery	Digital print on front and back.	Direct To Garment,Front,Back
17140	1174	Huron Soccer ALO Warm-ups	Black ALO Women's Running Warm-ups with embroidery on name on bottom in white thread and Huron Soccer Logo on left chest.	Embroidery
17199	1175	Brown Bomber Quote	Quote for 24 shirts with a two color print on front.	Screen Print,2-C,Front
17753	1197	Harbor House Towels	Embroidered Harbor House design in corner of towels.	Embroidery
17753	1198	Polos	Embroidered polos with logo on left chest.	Embroidery
18009	1218	Solo Shirt for Sara	Solo white shirt with digital print on front and back.	Direct To Garment,Front,Back
18010	1219	Scrub Hats	Embroidered Scrub Hats - 4 provided hats - unique thread on each.	Embroidery
18065	1224	Yaktopia Yaks Re-print	Digital print on front and back.	Direct To Garment,Front,Back
18066	1225	Japanese Yaks	White American Apparel shirts with digital print on front and back.	Direct To Garment,Front,Back
18143	1227	Spelling Bee Shirts	Digital print on front and back of five shirts.	Direct To Garment,Front,Back
18144	1228	Custom Shirt for Becca	Digital print on front and back of ice gray shirt.	Direct To Garment,Front,Back
18146	1229	Gaines Elementary	Natural colored Anvil shirts with a digital print on front and back.	Direct To Garment,Front,Back
18376	1242	Twin Cities Dyke March 2011	Red and dark ash shirts with one color print on front full chest.	Screen Print,1-C,Front
18381	1243	Ace Adventure	White 50/50 cotton/poly blend t-shirts with digital print on front and unique name on back.	Direct To Garment,Front,Back
18433	1250	Wash Christian Volleyball	Digital print on white Gildan 2000 t-shirts.	Direct To Garment,Front
18444	1252	Pike V-neck for Adan	Digital print on front and back of two white v-necks.	Direct To Garment,Front,Back
18464	1255	Chiavari Chairs Wedding	Digital print on left chest and full back of white polos.	Direct To Garment,Front
18485	1256	Ali's Entourage	Daisy shirts with navy digital print on front and back.	Direct To Garment,Front,Back
18487	1257	Swane Train	Digital print on front and back or 13 shirts	Direct To Garment,Front,Back
18491	1259	AO Sweatshirts	Digital print, black ink. Front of sport gray pullover hoodies.	Direct To Garment,Front
18509	1261	SDI	Sport Gray Gildan shirts with a digital print on the front RIGHT chest, left sleeve, and full back.	Direct To Garment,Front
18587	1268	HDS Class of 2011	Digital print on front and back of white shirts.	Direct To Garment,Front,Back
18596	1271	Quote for 1,000 Shirts	1,000 provided white t-shirts with shared two color print on front and no more than TEN unique four-color process prints on back.	Screen Print,2-C,Front
18601	1273	Spike Magic	Light blue Gildan t-shirts with digital print on front and back. One white shirt.	Direct To Garment,Front,Back
18777	1275	Monster Joe	Full color print on front and back of white t-shirts.	Screen Print,Full Color,Front
18787	1277	Pitch Slap T-shirts	2000 ice gray. Digital front and back.	Direct To Garment,Front,Back
18802	1280	Only the Strong Survive	Digital print on front and back of yellow and blue shirts.	Direct To Garment,Front,Back
18863	1285	Eye Got Sol	Three color print on front, one color on back on white shirts. Screen print.	Screen Print,3-C,Front
18991	1289	Shift Digital	Embroidery on left chest of pique knit shirts. Orange 1621, Gray/Silver 1918, White 1801.	Embroidery
18531	1292	Lizard Design One	Digital print on front left chest and full back.	Direct To Garment,Front
18531	1293	Lizard Design 2	Digital print on left front and full back.	Direct To Garment,Front
19080	1296	White Shirts	Digital print on left chest.	Direct To Garment,Front
19082	1298	Outta-Hand for Lupus	White women's shirts with digital print on front.	Direct To Garment,Front
19089	1302	NCIS	Digital print on front and back of Bella 1005 shirts.	Direct To Garment,Front,Back
19091	1303	Otter Shirt	White Gildan shirt with digital print on front and back.	Direct To Garment,Front,Back
19318	1308	Out There	Ice gray Gildan 2000 with digital print on front chest.	Direct To Garment,Front
19325	1310	Bark for Life Follow-Up	White shirts with digital print on front and back.	Direct To Garment,Front,Back
19333	1311	Custom Shirt for Mike	Digital print on front, back, and both sleeves of white shirt.	Direct To Garment,Front
19397	1317	77th Sustainment Brigade	White Fruit of the Loom Heavy Cotton T-shirts with full color print on front and back via process screen print.	Screen Print,Full Color,Front
19498	1323	Bear Shirt	Digital print on front of shirt.	Direct To Garment,Front
19514	1325	USAF Sweatshirt	Ash crew neck sweat shirt with digital print on front, back, and sleeves.	Direct To Garment,Front
19522	1326	Coffee T-shirts	Tri-blend shirts with digital print on front and back.	Direct To Garment,Front,Back
19590	1328	Custom Tee for Tori	Women's 2000L white shirt with digital printing on front	Direct To Garment,Front
19688	1331	GoBzB.com Embroidery	""	Embroidery
19735	1335	2 Color Front 2 Color Back	""	Screen Print,2-C,Front	Screen Print,2-C,Back
19740	1336	CCMU Tees	Heather gray w/ 1 cf 1 cb	Screen Print,1-C,Front
19926	1338	Independence Day Shirts	Five color front, three color back print on shade of green TBD.	Screen Print,5-C,Front	Screen Print,3-C,Back
19954	1341	Sure do Like Pumpkins	Digital print on full chest and right sleeve in orange ink.	Direct To Garment,Front
20032	1344	A2 Volleyball Club	Digital print 4,16,160 blue on front chest.	Direct To Garment,Front
20086	1345	Chelsea Sounds and Sights	White Am App shirts with digital print on front left chest in purple.	Direct To Garment,Front
20102	1350	Allstarz Paintball	Digital print on front and back of long sleeve ash shirts. Unique name on back of each (first and last name).	Direct To Garment,Front,Back
20103	1351	Jetty Rae T-shirts	American Apparel creme shirts (crew and v-neck) with digital print on front.	Direct To Garment,Front
20241	1356	Starfarm Tanks!	Digital print on front of white wife beaters.	Direct To Garment,Front
20469	1366	TorrenceLearning Follow-Up	Black digital print on white shirts.	Direct To Garment,Front
20484	1368	Liquor in the Front	White Hanes 5250 t-shirts with a four color process print on back and two color print on front.	Screen Print,2-C,Front
20486	1369	Amanda's Art Prints	White Gildan 5000 t-shirts with four digital prints on front.	Direct To Garment,Front
20558	1373	Digital print for Trevor	Anvil t-shirts with digital print on front full chest.	Direct To Garment,Front
20562	1374	I Give Up	Jerzees 973 sweatpants with digital print on left thigh by band.	Direct To Garment,Front
20568	1377	Mitch-a-Palooza	Digital print on front and back of light blue shirts.	Direct To Garment,Front,Back
20626	1382	Hawaiian Volleyball	White tanks with digital print on front and back.	Direct To Garment,Front,Back
20629	1383	U Housing Embroidery	Yellow Gold 1624, White 1801, and Navy 1764 thread on navy Anvil 6002 polos.	Embroidery
20993	1389	Rich Decisions Auto	Digital print on front and back.	Direct To Garment,Front,Back
21013	1393	Murphy for School Board	White shirts with digital print in red and blue on front and back.	Direct To Garment,Front,Back
21113	1403	Team 41 Shirts	Provided white shirts with black digital print on front and back.	Direct To Garment,Front,Back
21122	1404	Poured Out: Joplin Relief	Gildan Ice Gray with black print on front and digital print on back.	Direct To Garment,Front,Back
21199	1407	Vibe Fit	Digital print on chest of two women's shirts.	Direct To Garment,Front
21217	1410	EPC Apparel, Summer 2011	Digital print on front and back.	Direct To Garment,Front,Back
21479	1415	Pro Image Group	Digital print with black ink on front and back.	Direct To Garment,Front,Back
21510	1420	Waterfall	Digital print on front and back of light blue shirt.	Direct To Garment,Front,Back
21529	1422	Freeze Pops	Sport Gray Gildan shirt with digital print on front chest.	Direct To Garment,Front
21535	1426	Johnson Farms	1-Color Front, 1-Color Back	Screen Print,1-C,Front	Screen Print,1-C,Back
21551	1428	I Heart Neville	Purple shirt with digital print on front.	Direct To Garment,Front
21562	1430	Team Swift	White digital print on front and back of raglan shirts.	Direct To Garment,Front,Back
21623	1440	Version 1: Which Bud's for You?	"Digital print on left chest. ""Which Bud's for You?"" on the back."	Direct To Garment,Front
21623	1441	Version 2: No Quote on Back	Digital print on left chest. No Quote on Back	Direct To Garment,Back
21636	1443	Pankaj Shirts	Prairie Gildan 2000 shirts with two color print on front.	Screen Print,2-C,Front
21687	1447	The Wedding Singer	Digital Kornit print on front of sapphire shirts.	Direct To Garment,Front
21690	1449	Keep Calm and Harry, Ron	Digital print on front and back of navy shirt	Direct To Garment,Front,Back
21698	1451	What's Your Story?	Digital print on front of brown Gildan 2000 t-shirts.	Direct To Garment,Front
21731	1452	Embroidery	Embroidered logo on left chest.	Embroidery
21833	1462	Starfarm Tanks!	DTG print on front.	Direct To Garment,Front
21836	1463	Sad Panda DJ	Digital print on front of black shirts.	Direct To Garment,Front
22023	1466	I Heart NY	White tees (boys, girls, toddler. Digital print on front.	Direct To Garment,Front
22026	1467	Gestwicki Lab	Digital print on front and back of white shirts.	Direct To Garment,Front,Back
22076	1472	Marika Lynn	Digital print on front of white shirts.	Direct To Garment,Front
22110	1476	Le Tour de Shores, 2011	Full color print on front. Black print on bottom of back + individual name on top. Our logo in 2 colors on sleeve.	Screen Print,Full Color,Front
22116	1478	Feldberg	White LAT women's scoop neck with digital print on front (left chest) and full back.	Direct To Garment,Front
22125	1480	Sex Lab	White American Apparel shirts with a digital print on front.	Direct To Garment,Front
22165	1481	Head Hamster	Digital print on navy shirt.	Direct To Garment,Front
22175	1483	Real Men	Digital print on front and back.	Direct To Garment,Front,Back
22212	1488	Unity Vibration	White shirts with digital print on front and back.	Direct To Garment,Front,Back
22227	1491	Sa-Som Superstarts	Navy ink (digital print) on 6.1oz youth shirts and a onesie.	Direct To Garment,Front
22272	1494	Tuthill Farms	Digital Kornit print on various items.	Direct To Garment,Front
22276	1495	PittsBORG	Black shirts with digital print on front and back.	Direct To Garment,Front,Back
22282	1496	Tour Shirts	Digital print on front and back.	Direct To Garment,Front,Back
22282	1497	STAFF	Digital print on front and back.	Direct To Garment,Front,Back
22286	1498	Michigan State Capitol	Kelly green shirts with digital print on front.	Direct To Garment,Front
22338	1502	The Beavers Softball	Minnesota Wild colors. Four color print on front and number on back (on some)	Screen Print,4-C,Front
22352	1504	Deep Fried Delights	Digital print on left chest and full back of a white and a black shirt.	Direct To Garment,Front
22354	1505	WishStrong	Digital print on front and back of American Apparel sunshine t-shirts.	Direct To Garment,Front,Back
22446	1518	Farmingdale 2011	White apparel, ship UPS Ground. Digital print on front and back.	Direct To Garment,Front,Back
22463	1520	Ann Arbor College of Martial Arts	Black Gildan 2000 with two color front and back.	Screen Print,2-C,Front
22587	1529	Music Ed Masters	White Gildan 2000 t-shirts with full color print on front and back.	Screen Print,Full Color,Front
22598	1534	Racine	Digital print on an XL natural shirt.	Direct To Garment,Front
22728	1550	James Howard	Digital print on red shirt.	Direct To Garment,Front
22957	1555	Fitness 24 MMA	Black cotton tanks with digital print on front.	Direct To Garment,Front
22959	1557	Waldo Emerson Inn	Digital print on left chest of polo shirts.	Direct To Garment,Front
23032	1562	Zebra Cheer	Navy Gildan 18500 small with digital print on front and back.	Direct To Garment,Front,Back
23041	1564	A Bark in the Park	SHIP UPS. White, Gray, and Yellow shirts with digital print on front and back.	Direct To Garment,Front,Back
23044	1565	Google Foosball	White shirts with digital print on front and back.	Direct To Garment,Front,Back
23046	1566	Tacos and Hot Dogs	Royal shirts with digital print on front and back.	Direct To Garment,Front,Back
23103	1570	Embroidered logo on left chest.	Embroidered logo on left chest.	Embroidery
23103	1571	Embroidered logo on Hat	Embroidered logo on Hat	Embroidery
23103	1572	Digital Print of Logo	Digital Print of Logo + one color print on back.	Direct To Garment,Back	Screen Print,1-C,Back
23103	1573	OMG Design	Five color print on front. Shared one color print on bottom hem.	Screen Print,5-C,Front
23103	1574	BITE Design	Four color print on front. Shared one color print on bottom hem.	Screen Print,4-C,Front
23104	1576	Queen	Black 64000 tees with full color print on front and back.	Screen Print,Full Color,Front
23167	1580	Tadzia's Shirt	White small LAT shirt with digital print on front.	Direct To Garment,Front
23302	1587	Nautical Mile Pub Crawl	Sunshine American Apparel shirts with full color print on front and back. Include our logo.	Screen Print,Full Color,Front
23335	1588	Toneill's Last Stand	Digital print on front and back of white American Apparel shirts.	Direct To Garment,Front,Back
23391	1593	OMG Design	Five color print on front. Shared one color print on bottom hem.	Screen Print,5-C,Front
23391	1594	BITE Design	Four color print on front. Shared one color print on bottom hem.	Screen Print,4-C,Front
23392	1596	Mustache	Navy digital print on front and back of lemon shirts.	Direct To Garment,Front,Back
23397	1598	Rabinowitz Polos and Hats	Embroidered logo on left chest of polos / front of hats.	Embroidery
23438	1602	Nom Nom's Bakery Work Shirts	Black Tultex V-necks and Black Gildan Crew necks. Full color print on front and one color print on back.	Screen Print,1-C,Back	Screen Print,Full Color,Front
23479	1607	Arbor Maintenance	Ash Gray Hanes Beefy Tees with two color print on front left chest.	Screen Print,2-C,Front
23481	1608	Gilbert Reunion	Digital print on front of sapphire shirts.	Direct To Garment,Front
23519	1609	Feeny Flag	Digital print on front of athletic heather gray Canvas shirt.	Direct To Garment,Front
23561	1612	Digital Print	Digital Print	Direct To Garment,Front
23539	1611	ISSCA # 2	White shirts with full color print on front and back.	Screen Print,Full Color,Front
23646	1614	Navy Ink	DTG	Direct To Garment,Front
23805	1621	My Hero	Digital Kornit print on front.	Direct To Garment,Front
23805	1622	Will You Marry Me?	"Digital print on back. ""Will you Marry Me?"" on front.

2XL"	Direct To Garment,Front,Back
23807	1623	Assorted Provided Shirts	Assorted provided shirts with one color print on front. One with two color print. 24 of each.	Screen Print,1-C,Front
23814	1626	Terumo Family	White shirts - adult, youth, toddler, infant - with two color print on front and one color print on sleeve.	Screen Print,2-C,Front
23820	1627	White Shirts	White twill shirts with logo embroidered in navy above pocket on left chest.	Embroidery
23820	1628	Navy Shirts	Navy twill shirts with logo embroidered in white above pocket on left chest.	Embroidery
23870	1632	Howard Alumni	"Digital Kornit print on front of Navy XL
Digital Kornit print on front of Black tee (with different schools name)"	Direct To Garment,Front
23885	1664	Navy Design	Navy emblem on left chest w/custom name, full back print - all in white ink	Embroidery
23885	1666	Marines Design	Marines emblem on left chest w/custom name, full back print - all in white ink	Embroidery
23914	1669	Fitness 24 MMA pt 2	Black cotton tanks with digital print on front.	Direct To Garment,Front
23915	1670	Phoenix Internet Cruiser Embroidery	White and black thread on left chest of six provided polos.	Embroidery
24175	1678	Odden Tee	White Hanes Nano tee with digital print on front.	Direct To Garment,Front
24195	1682	Every Day I'm Fisting MEZ	Digital print on the front and back.	Direct To Garment,Front,Back
24202	1684	In Loving Memory of Jen, Ty, and Cam	White tees with digital print on front and back.	Direct To Garment,Front,Back
24205	1685	Le Tour de Canton	Black and Carolina Blue digital print on front and back of orange American Apparel shirts.	Direct To Garment,Front,Back
24211	1690	Checkmate	541 print. White Shirt.	Direct To Garment,Front
24211	1695	Laced	541 Print. White Shirt.	Direct To Garment,Front
24211	1692	Lion	541 print. White Shirt.	Direct To Garment,Front
24211	1693	Crown	541 print. White shirt.	Direct To Garment,Front
24211	1694	Level	541 print. White Shirt.	Direct To Garment,Front
24307	1715	Foster Lawn and Snow	Digital print on front and back of white and ice gray shirts.	Direct To Garment,Front,Back
24308	1716	Freaky Deaky Prop Dept.	White American Apparel BB401s with digital print on front and back.	Direct To Garment,Front,Back
24378	1719	Iron Man	Digital print on front and back of white shirts.	Direct To Garment,Front,Back
24479	1724	ODVA Embroidery	Embroidered long sleeve pique polo with logo on left breast and a second area TBD.	Embroidery
24624	1738	Belleville Dum Line	Black Canvas shirts with digital Kornit print on front and back.	Direct To Garment,Front,Back
24528	1727	Embroidered Polos	White and Navy Anvil Pique Knit polos. White get navy and maize thread. Navy gets maize thread.	Embroidery
24585	1737	Kornit Job - Goalkeeper Shirt	Digital print on front, name + number on back.	Direct To Garment,Front,Back
24637	1741	Fred's Rowing Fleece	White Fleece G12000 with red ink on front and full color print on back beneath collar.	Screen Print,Full Color,Back
24816	1761	Vegas Gold Shirts	Digital print on front.	Direct To Garment,Front
24816	1762	White Shirts (Youth)	Digital print on front.	Direct To Garment,Front
24993	1768	Farmer's Market	Natural Gildan shirts with digital print on front.	Direct To Garment,Front
25206	1778	Is okay...good?	White v-necks with digital print on front, back, and both sleeves.	Direct To Garment,Front
25208	1779	20th Engineer Brigade Combatives	White shirts with two color print on back, two color print on front, one color print on both sleeves, one color print under arm. Shipped to Iraq.	Screen Print,2-C,Front	Screen Print,2-C,Back
25219	1787	Earth Harmonics	Digital print on front and back of white long sleeve organic shirts.	Direct To Garment,Front,Back
25227	1790	Doggie Ruffle Tee	Digital print on dog tee.	Direct To Garment,Front
25285	1793	Nursing Crawl Shirts	Teal Bella 6004 T-shirts with full color digital print on front and back.	Direct To Garment,Front,Back
25286	1794	Johnson Controls Shirts	RUSH ORDER. Full color digital print on left chest of 50 white shirts.	Direct To Garment,Front
25288	1795	JoePa Shirt	White tee with black digital print.	Direct To Garment,Front
25338	1803	SAAN Council V-necks	American Apparel Organic V-necks with full color print on front and back.	Screen Print,Full Color,Front
25484	1825	Kornit Samples Saline	3 color digital print on front. yellow print on back.	Direct To Garment,Front,Back
25645	1839	Mhealthy Quit Smoking	"White pique knit polos with navy 1764 thread on left chest, at least 3"" wide."	Embroidery
25649	1840	Puffin Print	Digital full color print on front. Neon green print on back.	Direct To Garment,Front,Back	Screen Print,Full Color,Front
25659	1842	Lizzie's Pocket Monster	Digital print on left chest of sapphire Gildan shirt.	Direct To Garment,Front
25691	1845	Digital for Dominic Rea	White tee with digital print on front.	Direct To Garment,Front
25773	1859	UM Scleroderma Embroidery -Fall 2011	Gold thread on left chest of navy 50/50 golf shirts.	Embroidery
25775	1860	Rabbit Ears	White Gildan tees with full color digital print on front.	Direct To Garment,Front
25783	1862	Black Shirts	White and gold print on front, full color digital print on back.	Direct To Garment,Front,Back
25783	1863	Tan Shirts	White and black ink on front, full color digital print on back.	Direct To Garment,Front,Back
25862	1870	Team Micah	Carolina Blue shirts with digital print on front only.	Direct To Garment,Front
25866	1871	Landmark	Digital print on front and back of white Am App tees	Direct To Garment,Front,Back
25878	1873	Something About Mary	Digital print on front and back of ash tanks.	Direct To Garment,Front,Back
25965	1881	A2 College of Martial Arts Recruitment	Black tees and tanks with digital print on front and back.	Direct To Garment,Front,Back
26237	1905	FIJI Tanks	2 color print on front and back of white tanks.	Screen Print,2-C,Front
26240	1909	AJAX Tees	Black shirts with full color print on front and back.	Screen Print,Full Color,Front
26243	1910	Woodland Mews Polos	Port Authority cool grey polos with stitching on left chest.	Embroidery
26258	1913	Fight for the Night	White tees with full color print on front + our logo on the back.	Screen Print,Full Color,Front
26259	1914	Bach Rush Tees	Slate American Apparel tees with a three color print on front.	Screen Print,3-C,Front
26280	1920	FOPS	Black digital print over full chest of long sleeve ladies' tee	Direct To Garment,Front
26303	1924	My Chemical Romance	Dark Heather Burnout with digital print on front and back.	Direct To Garment,Front,Back
26328	1931	Revalue Waste	Digital print on front of natural Gildan 2000 shirts.	Direct To Garment,Front
26346	1932	Genpact	Black pique knit polos with bright blue (thread color: 1977) on left chest.	Embroidery
26367	1937	I'm on a Boat	Digital print on front and back of aqua tees	Direct To Garment,Front,Back
26369	1939	Timber Creek Fresh	Black Gildan shirts with full color print on front and back.	Screen Print,Full Color,Front
26376	1940	Yoga for Performers	Royal tees with digital print on front and back.	Direct To Garment,Front,Back
26390	1944	Latti's Stag	Black Gildan tees with digital print on front and back.	Direct To Garment,Front,Back
26393	1945	HOKEAMANIA	Daisy shirts with digital print on front only. Kornit Print.	Direct To Garment,Front
26417	1949	Parents and Family Week	Navy shirts with two color print on front.	Screen Print,2-C,Front
26424	1950	Claire's Tote Bag	A canvas, jumbo-sized tote bag with digital print on the side.	Direct To Garment,Front
26427	1951	Kiwanis Eliminate	Provided white digital print on front.	Direct To Garment,Front
26441	1952	Costa Rick's	Black Gildan 2000 with digital print on front and back.	Direct To Garment,Front,Back
26610	1960	Be the Change	Three color prit on front and one color print on back of white tees.	Screen Print,1-C,Back
26633	1968	Nathan's Bounce Houses	Digital print on front and back of tees and pullover sweatshirts.	Direct To Garment,Front,Back
26683	1973	Harbor House Work Shirts	Denim work shirts and polos with embroidery on left chest.	Embroidery
26691	1978	Starship Ranger for Ben	Sand XL tee with digital print on front and back.	Direct To Garment,Front,Back
26694	1980	Women's V-necks	Digital print on left chest of just GES and full back.	Direct To Garment,Front
26716	1986	Everley Embroidery 2	Dress shirts with silver embroidery on left chest.	Embroidery
27025	2007	PLD Album Cover on black T-shirt	Full color print on front of black shirt.	Screen Print,Full Color,Front
27027	2010	ODVA Embroidery, Follow Up	Embroidered long sleeve shirts.	Embroidery
27090	2051	Toyota Ekiden 2011	Athletic Heather American Apparel with digital print on front and back.	Direct To Garment,Front,Back
27097	2054	Test Case 1	3 color front	Screen Print,3-C,Front
27101	2056	J. Greenfield Pi Phi Case Race Tanks	Black unisex tanks with full color print on front and back.	Screen Print,Full Color,Front
27110	2058	Embroidered polos	Left chest embroidery	Embroidery
27112	2059	Lady Bug Tote	Captain's tote with lavender handles and digital print on pocket.	Direct To Garment,Front
27164	2072	Kingsley Kitchen Apron	White apron with digital print on front.	Direct To Garment,Front
27210	2079	Michigan Autonomous Aerial Vehicles , Pt. 2	Provided polos with a one color print on back. Same as last time.	Screen Print,1-C,Back
27220	2080	Stage One	Digital Kornit print on black shirt.	Direct To Garment,Front
27227	2081	Tastes Like Chicken	White Gildan 2000 shirts with digital ink on front and back.	Direct To Garment,Front,Back
27243	2085	Balls?	Forest shirts with a digital print on front.	Direct To Garment,Front
27249	2088	Vegas Tees - assorted styles	NOT KORNIT - Brother 782	Direct To Garment,Front (White Base)
27290	2093	departuretshirtoval.jpg	Full color digital print on black Bella 6004 t-shirts.	Direct To Garment,Front
27290	2092	purrfectcircusshirt.jpg	Full color digital print on black Bella 6004 t-shirts.	Direct To Garment,Front
27290	2094	shoped2.jpg	Full color digital print on black Bella 6004 t-shirts.	Direct To Garment,Front
27290	2095	baby doll1.jpg	Full color digital print on black Bella 6004 t-shirts.	Direct To Garment,Front
27460	2103	Robot Town Digital Prints	White tees with digital print on front and back.	Direct To Garment,Front,Back
27464	2105	Lori	Full color digital print on front and back.	Direct To Garment,Front,Back
27464	2106	Brad	Full color digital print on front and back.	Direct To Garment,Front,Back
27464	2107	JJ	Full color digital print on front and back.	Direct To Garment,Front,Back
27464	2108	Jackie	Full color digital print on front and back.	Direct To Garment,Front,Back
27527	2117	DecaDome	Print on Brother 782	Direct To Garment,Front (White Base)
27465	2120	Alternate Concept (Ask Michael)	Digital print on front and back of purple shirt.	Direct To Garment,Front,Back
27549	2131	Revolution	Full color print on front chest of black American Apparel tees.	Screen Print,Full Color,Front
27541	2128	Freebies - Due Thursday	Same print, digitally. Due one day before.	Direct To Garment,Front
27596	2142	D Brown 22	Digital print on front of black tees.	Direct To Garment,Front
27681	2155	Elysium Painting, October 2011	Full color digital print on front. 4 color process print on back.	Direct To Garment,Front,Back
27882	2165	Great Lakes Gutters	UltraClub Oxford with embroidered logo on left chest.	Embroidery
27907	2171	Habitat for Humanity Embroidery, Fall 2011	White stitching on quarter and full zip fleece.	Embroidery
27914	2174	Big Wheels Hockey - What Time is It?	Black tees with digital print on front chest, left hip, and full back.	Direct To Garment,Front
28101	2204	Pandora Netball Onesies	Black onesies with digital print on front.	Direct To Garment,Front
28111	2208	I Heart the Maccabeats	Digital print on front of American Apparel v-neck.	Direct To Garment,Front
28207	2218	Long Sleeve t-shirts	"2 color front
1 color back"	Screen Print,2-C,Front	Screen Print,1-C,Back
28421	2221	Friends School Samples	Digital print on front of black shirts.	Direct To Garment,Front
28423	2222	GOOFY reprint	Kelly green shirt with digital print on front and back.	Direct To Garment,Front,Back
28443	2234	1 color front	""	Screen Print,1-C,Front
28444	2235	Heme Team	Digital print on front of gold shirt.	Direct To Garment,Front
28507	2261	Black Ink - Light Pink tees	Black Ink GT541 print on Light Pink tees	Direct To Garment,Front
28526	2256	ODVA Follow-up 2	Two large, long-sleeve polos with embroidery on left chest.	Embroidery
28599	2262	Tshirts	"1 color front
No print on back"	Screen Print,1-C,Front
28764	2285	Black Shirts	Full color print on front and back.	Screen Print,Full Color,Front
28764	2286	Tan Shirts	Full color print on front and back.	Screen Print,Full Color,Front
28769	2289	Camel G200, Full Color Front	""	Screen Print,Full Color,Front
29095	2313	Birdy	Digital print on front of black Bella 6004	Direct To Garment,Front
29106	2317	G2000 full color front	Crossartwork on front	Screen Print,Full Color,Front
29107	2318	G5000 1cf 1cb	""	Screen Print,1-C,Front	Screen Print,1-C,Back
29121	2323	Dennis Sustainable Fleece	White organic / recycled fleece pullover hoodies with digital print on front and back.	Direct To Garment,Front,Back
29125	2328	Dennis Sustainable Fleece	White organic / recycled fleece pullover hoodies with digital print on front and back.	Direct To Garment,Front,Back
29170	2339	Basement Arts Polos	Digital print on left chest of Cotton Pique polos.	Direct To Garment,Front
29174	2340	Puffin Print	Full color front of black shirts.	Screen Print,Full Color,Front
29460	2381	G5000, kelly green 1cf/1cb	""	Screen Print,1-C,Front	Screen Print,1-C,Back
29462	2382	Jello Shirts	Black American Apparel tees with white print on front and full color print on back.	Screen Print,Full Color,Back
29463	2383	G5000 1cf  and numbers on back	""	Screen Print,1-C,Front
29464	2384	Fruit of the Loom Long Sleeve 1cF/1cB	"Front: Huron ISA in white
Back: Gandhi Quote in white"	Screen Print,1-C,Front	Screen Print,1-C,Back
29467	2386	I Heart Boobies, pt III	Black long sleeve tees with three color print on front, our logo on sleeve, and red print on back.	Screen Print,3-C,Front
29476	2389	Death Eaters	Black Gildan tees with digital print on front.	Direct To Garment,Front
29513	2393	Fast, Pray, Love	White tees with two color front and two color back.	Screen Print,2-C,Front	Screen Print,2-C,Back
29514	2395	"""STAFF"" on backside"	Black Ink. DTG	Direct To Garment,Front
29516	2397	Long Sleeve Beefy Tees	"Should be 782 print.
White prints for front and back
Whitetail harvest team on back.
 Custom names on front left chest."	Direct To Garment,Front,Back (White Base)
29518	2398	NCYC Black	Black tees with full color print on front and back.	Screen Print,Full Color,Front
29519	2399	Tune Squad Jerseys	Mesh jerseys with three color print on front and unique name / number on back.	Screen Print,3-C,Front
29523	2400	Iceberg Fleece - Name on Back	Neon green thread on left chest	Embroidery
29523	2401	Iceberg Fleece - No Back	Bright green thread on left chest	Embroidery
29539	2417	Purple Hash Beanies	Black beanies with green and white thread.	Embroidery
29540	2418	Short Cleeve T-shirts, 1cf/1cb	""	Screen Print,1-C,Front	Screen Print,1-C,Back
29541	2419	Short Sleeve T-shirts, 1cf/1cb	""	Screen Print,1-C,Front	Screen Print,1-C,Back
29542	2420	Digital front, back, and sleeve	""	Direct To Garment,Front
29584	2430	Black G5000, Digital F+B, Brood	""	Direct To Garment,Front,Back
29584	2431	Black G5000, Digital F+B, Bob the Bee Guy	""	Direct To Garment,Front,Back
29584	2432	Black G5000, Digital F+B, Worker Bee	""	Direct To Garment,Front,Back
29584	2433	Black G5000, Digital F+B, Bee Widow	""	Direct To Garment,Front,Back
29659	2443	3 Follow Up Hoodies	"ASh gray pullover hoodies. Digital print on left chest, back, and ""Cesar"" on right chest"	Direct To Garment,Front
29689	2448	Protech Women's Long Sleeves	Black and Athletic Heather tees with full color print on front and back.	Screen Print,Full Color,Front
27683	2449	1 color back	""	Screen Print,1-C,Back
29693	2450	Kit Kat Shirt	Red shirt with digital print on front and back.	Direct To Garment,Front,Back
29869	2475	Avalon Housing	White tees with digital print on front.	Direct To Garment,Front
29924	2495	Hoody F+B, 541	""	Direct To Garment,Front,Back
29972	2496	Yaks Follow-Ups	Digital print on front of black tees. Same print as last Yaks Championship order.	Direct To Garment,Front
30049	2514	Soccer Mom	Red Shirt with digital print.	Direct To Garment,Front
30056	2517	G2000, 1cF Unique Numbers on back	""	Screen Print,1-C,Front
30324	2533	PLD Album Cover on black T-shirt	Full color print on front of black shirt.	Screen Print,Full Color,Front
30327	2537	Purple Hash Towels	Digital 541 print on provided terry towels	Direct To Garment,Front
30330	2541	1cF/1cB, with Crew on Left Chest	""	Screen Print,1-C,Front	Screen Print,1-C,Back
30330	2542	1cf/1cB without crew on left chest	""	Screen Print,1-C,Front	Screen Print,1-C,Back
30336	2543	G5000 navy, 1cF  B:names and numberk	""	Screen Print,1-C,Front
30336	2544	G5000 navy, 1cf only numbers on back	""	Screen Print,1-C,Front
30340	2545	G2400  1-cB only, 24 shirts	""	Screen Print,1-C,Back
30375	2546	Canvas tee with dragon print, 541 Front only	""	Direct To Garment,Front
30378	2547	T-shirts, x25 4cF/ no back	"Roly Logo left chest
Maize print"	Screen Print,4-C,Front
30393	2549	Suncoast HOSA	Digital print on front of white shirts.	Direct To Garment,Front
30434	2552	Earth Harmonics	Organic Men's Ring-Spun Tees in Cornflower with digital print across chest.	Direct To Garment,Front
30448	2561	NS GRAFX	Red youth tees with digital print on front.	Direct To Garment,Front
30480	2566	Phi Delt Tanks	White tanks with digital print on front and back.	Direct To Garment,Front,Back
30706	2577	Left Chest Embroirdery on assorted garments	""	Embroidery
30707	2578	Doug Cooper Tees	Digital print on front of light blue American Apparel tees.	Direct To Garment,Front
30717	2581	EMU ISA, F+B 782	""	Direct To Garment,Front,Back (White Base)
30887	2605	navy G5000 x6 1cF	""	Screen Print,1-C,Front
30738	2603	Hoodies 2cF, 2cB	"STAFF on right chest
Logo on left chest
Logo and Get mobilized on back"	Screen Print,2-C,Front	Screen Print,2-C,Back
30792	2591	Sparkle Shirts	Black tees with digital print on front and back.	Direct To Garment,Front,Back
30857	2594	Friends School Prints	Black apparel with digital print on front full chest.	Direct To Garment,Front
30869	2599	Kyle's Beer Mitzvah	White tees and tanks with digital print on front and back.	Direct To Garment,Front,Back
30512	2607	Tshirts 1cf, no back	""	Screen Print,1-C,Front
30997	2613	Polos with 1cf, left chest	Drew logo from previous job in summer	Screen Print,1-C,Front
31017	2622	Umich Pre-Soma	American Apparel lemon v-necks with digital print on front and back.	Direct To Garment,Front,Back
31200	2625	Shirts, 2cF	Ski Belleville Logo	Screen Print,2-C,Front
31208	2630	Wounded Warrior, December	Black short sleeve shirts with white ink on front and back.	Embroidery
31232	2641	Fish, Bitch!	Black medium AmApp tee with full color print on front.	Screen Print,Full Color,Front
31237	2643	Turkey Tee	Digital print on front and back.	Direct To Garment,Front,Back
31301	2648	Ali's Troop Hoodies	Digital print on front, back, and both sleeves of forest hoodies.	Direct To Garment,Front
31361	2651	Woodruff's	Tan crew neck tees with digital black print on front and back + unique numbers on both sides.	Direct To Garment,Front,Back
31363	2652	Piss on It	Sport Gray tee with full color print on front and back	Screen Print,Full Color,Front
31886	2655	More Than a Game	Black digital print on front and back of red shirts	Direct To Garment,Front,Back
31888	2656	Woodruff's	Tan shirts with black ink on front, numbers on back. GT541 print.	Direct To Garment,Back
32088	2666	Baseball Hats	Black caps with white thread on front.	Embroidery
32100	2669	Navy Fleece with left chest embroidery	"KAPi
University of Michigan"	Embroidery
32109	2671	Navy Fleece with left chest embroidery	"KAPi
University of Michigan"	Embroidery
32251	2689	G200s Full Color Front Only x9 shirts	"Team Optimus

OLGC"	Screen Print,Full Color,Front
32346	2692	REd G2000 1cF/1cB	""	Screen Print,1-C,Front	Screen Print,1-C,Back
32347	2695	Headbands	American Apparel Headbands with white TRI DELT Embroidered large across front.	Embroidery
32455	2705	Badger plinnies, 2cF, 1cB x6	"Front: America and flag in red white
Back:

Back2Back World Ward War Champs in white"	Screen Print,2-C,Front	Screen Print,1-C,Back
32460	2707	G2000 full color front only x1	anime character on front only	Screen Print,Full Color,Front
32899	2709	Rock Sand Lake	Black digital print on front of stone blue shirt.	Direct To Garment,Front
32245	2733	2cF T-shirts x24	""	Screen Print,2-C,Front
34547	2736	tshirts, full color front	Ross Men's Swimming Design	Screen Print,Full Color,Front
32460	2743	G2000 782 front only	SCHLAGE DOCH in yellow	Direct To Garment,Front (White Base)
34668	2744	tshirt, full color front	"Heaven
(Picture)
Sent

use font that is in picture"	Screen Print,Full Color,Front
29912	2746	Chirpee's Kitchen	Black Gildan 2000L with digital print on back.	Direct To Garment,Back
34913	2759	Photo Fleece	White Am App raglan fleece with digital print across chest.	Direct To Garment,Front
34915	2761	White, carolina, navy blue prints F+B	Hard deadline of December 14, 6:00 pm	Embroidery
35079	2767	PSSC	Navy hoodies + vest with stitching on left chest.	Embroidery
35089	2769	Polos	White and orange embroidery on left chest	Embroidery
35101	2771	DTS Dance Clique	Black tees with full color digital print on front, unique name and heart on the back of each.	Direct To Garment,Front
35106	2772	Embroidery on left chest of Cust. provided fleece	""	Embroidery
35137	2775	Whomp Your Face Off	White and azalea Gildan SoftStyle women's tees with full color digital print on front full chest.	Direct To Garment,Front
35276	2779	Sam Koch's Tee	White AmApp Medium with digital print on front.	Direct To Garment,Front
35314	2790	Panthers Tees	Digital print of Panther's logo on chest of white tees.	Direct To Garment,Front
35298	2787	Team Toxo	Light blue Hanes 5280- tagless, 5.2oz cotton tee with digital print on front and back.	Direct To Garment,Front,Back
35316	2791	I heart BFF	Digital 782 print on front and back of light pink tee	Direct To Garment,Front,Back (White Base)
35329	2792	t-shirts	"Navy blue
2cF
AATC Logo on back"	Screen Print,2-C,Front
36184	2815	Digital Polo for Lisa	Digital print on left chest of charcoal polo.	Direct To Garment,Front
36234	2818	Mothers Hold	Pistachio tees with digital 782 print on front and digital 541 print on back.	Direct To Garment,Front (White Base)	Direct To Garment,Back
37528	2901	Embroidered - Normal Logo	Black and red thread on left chest.	Embroidery
36440	2830	Quantize that Bitch	Light blue, medium G2000 with navy digital ink on front.	Direct To Garment,Front
36469	2838	Ann Arbor Ice Hawks	Digital print on front of royal shirts.	Direct To Garment,Front
36480	2841	EMU Athletic Training Track Jackets	White thread on left chest. Two with names on opposite chest.	Embroidery
36488	2843	Stork Tees	Yellow Haze tees with digital print on front, unique print on back.	Direct To Garment,Front,Back
36653	2858	Bear Fruit	Black tees with digital print on front and back.	Direct To Garment,Front,Back
36668	2859	Windbreakers	"1cF, left chest
Logo
with Wright's on top
and Karate underneath"	Screen Print,1-C,Front
36898	2877	Wishstrong Follow-Up	Daisy Gildan tees with digital 782 print on front and back.	Direct To Garment,Front,Back (White Base)
36961	2885	tshirts	"1 color front, black ink

1962-2012
KADEL
50th

Anniversary
Family Reunion

Make 50th bigger. 
Round Kadel and Anniversary

Or make a new format. I don't like the layout. customer is flexible."	Screen Print,1-C,Front
36973	2887	tshirts	3cF/1cB	Screen Print,3-C,Front	Screen Print,1-C,Back
37498	2894	Bronies	Digital print on teal shirt.	Direct To Garment,Front
37504	2895	The Major Woody Tees	782 print on front of black tees	Direct To Garment,Front (White Base)
37504	2897	The Major Woody Tees - White shirts	541 print on front of 2 and back of 1 shirt	Direct To Garment,Front,Back
37510	2900	tshirts	"782, front only

CAMP MARV-IN
in red
beneath it 
tent art"	Direct To Garment,Front (White Base)
37528	2902	Embroidered - Inverted Logo	White and red thread on left chest.	Embroidery
37640	2910	Huron Figure Skating Tees	Black women's tees with digital print on front and back.	Direct To Garment,Front,Back
37646	2911	Bars on Campus	Purple tee with digital print on front..	Direct To Garment,Front
37658	2915	Get Away from Me, Hoe	Digital print on chest of white tee	Direct To Garment,Front
37676	2917	Ties	"Two ties with rugby crest on the bottom of each tie.

The tip of the bottom of the crest should line up with the top of the triangle.

Use darker yellow thread than on previous job"	Embroidery
37684	2919	Digital Prints	Digital print on three items	Direct To Garment,Front
37768	2927	Greg and Marshall - American Apparel	Digital print on front and back of navy American Apparel shirt.	Direct To Garment,Front,Back
37782	2936	Greg and Marshall - American Apparel	Digital print on front and back of navy AmApp tee.	Direct To Garment,Front,Back
37857	2940	782 Print or Screen	White and sky blue print on dark pant.	Direct To Garment,Front (White Base)
37857	2941	Left Chest Print	782 or screen print on left chest, unique name + number on the back.	Direct To Garment,Front (White Base)
