Order ID	Job ID	Job Name	Job Description	Proof Image URL

56669	11739	Grow Show Re-Stitch (peggy)	""
56679	11754	MC6	""	http://s3.amazonaws.com/admin.annarbortshirtcompany.com/proof_images/14241/Jay_Semerad_MC6.png
56681	11756	Patriot Packaging Computer Bag	""	http://s3.amazonaws.com/admin.annarbortshirtcompany.com/proof_images/14277/Jay_Jackson_PATRIOT_PACKAGING.png
56685	11761	Blank Apparel	""
56700	11796	Wine Tote Test Print	""
56707	11806	Transfers	20 sheets
56716	11816	Bemis Farms Child Care	""	http://s3.amazonaws.com/admin.annarbortshirtcompany.com/proof_images/14349/Andrew-King-BEMIS-FARMS-embroidery.jpg
56724	11829	14x6x6 Boxes, 1s	""	http://s3.amazonaws.com/admin.annarbortshirtcompany.com/proof_images/14371/AATC_Shoebox.png
56727	11833	#Holy Empire Reprint	""	http://s3.amazonaws.com/admin.annarbortshirtcompany.com/proof_images/14345/James_Wainwright_HOLY_EMPIRE_TEAM.png
56729	11835	Name (left chest)	""	http://s3.amazonaws.com/admin.annarbortshirtcompany.com/proof_images/14387/Paul_Schwimmer_MIA_VEST.png
56729	11841	Flag (Top Right Shoulder)	""
56724	11859	17.25x11.25x10	""	http://s3.amazonaws.com/admin.annarbortshirtcompany.com/proof_images/14373/AATC_17.25x11.25x10_box.png
56724	11860	12x12x8 boxes	""	http://s3.amazonaws.com/admin.annarbortshirtcompany.com/proof_images/14375/AATC_12x12x8_box.png
56748	11871	Dark Garments	""	http://s3.amazonaws.com/admin.annarbortshirtcompany.com/proof_images/14395/AATC-Promo_White_Chr.-Yellow.png
56757	11882	Rippers Jerseys	""
56778	11960	Ironman Tee	""
56792	11993	If Mama ain't happy...	""	http://s3.amazonaws.com/admin.annarbortshirtcompany.com/proof_images/14529/Bonnie_Vasquez_IF_MAMA_AINT_HAPPY.png
56807	12019	Cheetah Print	""	http://s3.amazonaws.com/admin.annarbortshirtcompany.com/proof_images/14675/YPVL_Cheetah_black.png
56807	12020	Black Logo (Transfer)	""	http://s3.amazonaws.com/admin.annarbortshirtcompany.com/proof_images/14667/YPVL_Black_ink_TRANSFER.png
56828	12070	Ervin Polos	""	http://s3.amazonaws.com/admin.annarbortshirtcompany.com/proof_images/14705/Jack_Politz_ERVIN_INDUSTRIES_Job_1.png
56812	12032	Custom Pantone	""
56813	12033	Inksoft Faraj	""	http://s3.amazonaws.com/admin.annarbortshirtcompany.com/proof_images/14579/Albert_Faraj_WOWY_INKSOFT.png
56803	12111	Class of 2019-Napier	""	http://s3.amazonaws.com/admin.annarbortshirtcompany.com/proof_images/14627/Bridget_Maldonado_GREENHILLS_CLASS_Job_3.png
56817	12053	Beanies	""
56820	12052	Normal Print - Youth Screen	White ink on front and back	http://s3.amazonaws.com/admin.annarbortshirtcompany.com/proof_images/14699/Amal_Muzaffar_DMUM_MAIN_ORDER_Job_4.png
56822	12058	Same Front (No Name on Back)	""	http://s3.amazonaws.com/admin.annarbortshirtcompany.com/proof_images/14641/Drew_Cross_WESTERN_MATCATS_job_3.png
56806	12060	Applique	Applique home logo on back
56826	12065	Dr. Lutz Fleece (Jan 14)	""	http://s3.amazonaws.com/admin.annarbortshirtcompany.com/proof_images/14715/Steven-Lutz-LUTZ-AND-ASSOCIATES-embroidery.png
56829	12071	Wilke	""
56817	12078	Late Additions--Polo	""	http://s3.amazonaws.com/admin.annarbortshirtcompany.com/proof_images/14593/Carlos_Soto_ANN_ARBOR_PUMAS_job_2.png
56839	12091	DMUM-Pod 2	""	http://s3.amazonaws.com/admin.annarbortshirtcompany.com/proof_images/14777/Sarah_Lee_DMUM_POD_2.png
56822	12092	Adult Garments with Names	""	http://s3.amazonaws.com/admin.annarbortshirtcompany.com/proof_images/14645/Drew_Cross_WESTERN_MATCATS_job_5.png
56822	12093	Adult Garments (No Names)	""	http://s3.amazonaws.com/admin.annarbortshirtcompany.com/proof_images/14647/Drew_Cross_WESTERN_MATCATS_job_6.png
56828	12094	Alternate Polo	""	http://s3.amazonaws.com/admin.annarbortshirtcompany.com/proof_images/14707/Jack_Politz_ERVIN_INDUSTRIES_Job_2.png
56846	12109	Name On Front Only	""	http://s3.amazonaws.com/admin.annarbortshirtcompany.com/proof_images/14759/Lisa_Fulton_SESAME_STREET_REPRINT_Job_3.png
56803	12112	Class of 2019-Ebeling	""
56803	12113	Class of 2019-Moffat	""
56803	12114	Class of 2019--Blow	""
56803	12115	Class of 2019--Ann	""
56803	12116	Class of 2019-Clyde	""
56803	12117	Class of 2019--Husson	""
56803	12118	Class of 2019--Huntoon	""
56848	12120	Pregnancy Tee	""	http://s3.amazonaws.com/admin.annarbortshirtcompany.com/proof_images/14703/Dana_Krzeminski_PREGNANCY_TEE.png
56850	12122	Mi Choice Jacket	""	http://s3.amazonaws.com/admin.annarbortshirtcompany.com/proof_images/14681/Maria_Valladares_MI_CHOICE_CSA_Job_1.png
56863	12152	ODVA wine coozies	""	http://s3.amazonaws.com/admin.annarbortshirtcompany.com/proof_images/15153/Lauren_Moon_ODVA_BAG.png
56867	12172	UBE Machinery	""	http://s3.amazonaws.com/admin.annarbortshirtcompany.com/proof_images/14755/Andrew_Ballnik_UBE_MACHINERY.png
56871	12175	One Billion Rising (Jan 2014)	""	http://s3.amazonaws.com/admin.annarbortshirtcompany.com/proof_images/14749/Barbara_Ruwende_ONE_BILLION_RISING.png
56872	12176	Asahi Kasei Extra	""	http://s3.amazonaws.com/admin.annarbortshirtcompany.com/proof_images/14723/Courtney_Blakeslee_ASAHI_KASEI_EXTRA.png
56874	12178	Design 1 (Light Bag)	""	http://s3.amazonaws.com/admin.annarbortshirtcompany.com/proof_images/14765/Sue_Pellerito_PLYMOUTH_ORATORIO_SOCIETY_Job_1.png
56874	12180	Design 1 (Dark Bag)	""	http://s3.amazonaws.com/admin.annarbortshirtcompany.com/proof_images/14767/Sue_Pellerito_PLYMOUTH_ORATORIO_SOCIETY_Job_2.png
56874	12181	Design 2 (Light)	""	http://s3.amazonaws.com/admin.annarbortshirtcompany.com/proof_images/14769/Sue_Pellerito_PLYMOUTH_ORATORIO_SOCIETY_Job_3.png
56874	12182	Design 2 (dark)	""	http://s3.amazonaws.com/admin.annarbortshirtcompany.com/proof_images/14771/Sue_Pellerito_PLYMOUTH_ORATORIO_SOCIETY_Job_4.png
56882	12198	Blank Tees	""
56883	12199	WFTD - Water Based Prints	Water-based + discharge print on front and back of provided brown t-shirts	http://s3.amazonaws.com/admin.annarbortshirtcompany.com/proof_images/14775/Amie_Farkas_WFTD_2014.png
56873	12232	Additional Garments	""
56899	12237	Cheetah Print	""	http://s3.amazonaws.com/admin.annarbortshirtcompany.com/proof_images/14785/YPVL_Cheetah_black_Job_2.png
56899	12238	Transfer Print (BLACK LOGO)	""	http://s3.amazonaws.com/admin.annarbortshirtcompany.com/proof_images/14787/YPVL_Black_ink_TRANSFER_Job_3.png
56908	12260	Final Red Polo	""	http://s3.amazonaws.com/admin.annarbortshirtcompany.com/proof_images/14843/Jack_Politz_ERVIN_INDUSTRIES_Job_2.png
56909	12261	Daughter Tee	""
56910	12262	Development Tees Extras	""	http://s3.amazonaws.com/admin.annarbortshirtcompany.com/proof_images/14859/Jon_Kronberg_ONE_ON_ONE_YOUTH.png
56911	12263	AGD Snapback	""	http://s3.amazonaws.com/admin.annarbortshirtcompany.com/proof_images/14853/Christina_James_AGD.png
56921	12276	Regal Building Services	""	http://s3.amazonaws.com/admin.annarbortshirtcompany.com/proof_images/14857/Carol_Tennyson_REGAL_BUILDING_SERVICES_2.png
56935	12299	DMUM Crew Toddler Tee F/B	""	http://s3.amazonaws.com/admin.annarbortshirtcompany.com/proof_images/14951/Keith_Corbin_DMUM_CREW_3T.png
56936	12300	Father Wicking Tee	""	http://s3.amazonaws.com/admin.annarbortshirtcompany.com/proof_images/14909/Kate_Crawford_FATHER_WICKING_TEE.png
56927	12332	Size Shake Up--Add Medium	""
56944	12338	Transfers	""	http://s3.amazonaws.com/admin.annarbortshirtcompany.com/proof_images/14953/DMUM_2014_crayon_drawing.png
56958	12339	Blanks	""
56959	12340	"Phi Sig Little Sister (light blue 9"" wide fluidity font)"	""	http://s3.amazonaws.com/admin.annarbortshirtcompany.com/proof_images/15013/Nick_Pillow_PHI_SIG_LITTLE_SISTER.png
56971	12355	Sunnies - Pink - Qty 50	""
56971	12356	iPhone 5 Cases - Qty 5	""
56944	12364	DMUM Logo Transfer	""
56955	12377	Additional Large Tee	""	http://s3.amazonaws.com/admin.annarbortshirtcompany.com/proof_images/15095/Heather_Bowers_CHARGE_SYNDROME.png
56984	12380	Dundee Basketball Jerseys (# transfers)	""	http://s3.amazonaws.com/admin.annarbortshirtcompany.com/proof_images/15119/Renee_Bolster_DUNDEE_BASKETBALL_JERSEYS.png
56986	12382	Darren Criss Sunnies - Pink - 50	""
56986	12383	Darren Criss iPhone 5 Case - 5	""
56987	12384	"""I know who I want to take me home"""	""	http://s3.amazonaws.com/admin.annarbortshirtcompany.com/proof_images/15105/Darren_Criss_JUMPERWALL_job1.png
56987	12385	"""Well I guess this is growing up"""	""	http://s3.amazonaws.com/admin.annarbortshirtcompany.com/proof_images/15107/Darren_Criss_JUMPERWALL_job2.png
56987	12386	"""Just go ahead now"""	""	http://s3.amazonaws.com/admin.annarbortshirtcompany.com/proof_images/15109/Darren_Criss_JUMPERWALL_job3.png
56987	12387	"""Only shooting stars break the mold"""	""	http://s3.amazonaws.com/admin.annarbortshirtcompany.com/proof_images/15111/Darren_Criss_JUMPERWALL_job4.png
56987	12388	Swallow your pride. Choke on the rinds	""	http://s3.amazonaws.com/admin.annarbortshirtcompany.com/proof_images/15113/Darren_Criss_JUMPERWALL_job5.png
56987	12389	The four right chords that make your cry	""	http://s3.amazonaws.com/admin.annarbortshirtcompany.com/proof_images/15115/Darren_Criss_JUMPERWALL_job6.png
56938	12424	Added shirt - same art	""
57009	12439	Wellness Sample Tee (2/19)	""	http://s3.amazonaws.com/admin.annarbortshirtcompany.com/proof_images/15167/Elaine_Economou_MOVE_WELLNESS_CENTER_job_1.png
56992	12444	Additional V-neck (custom pantone)	""
56923	12477	Added garment - same decoration	""
57059	12535	Dark Garments	""	http://s3.amazonaws.com/admin.annarbortshirtcompany.com/proof_images/15289/AATC-Promo_White_Chr.-Yellow.png
57059	12536	Light Garments	""	http://s3.amazonaws.com/admin.annarbortshirtcompany.com/proof_images/15291/AATC-Promo_Navy.png
56980	12546	"3/4"" Names"	""	http://s3.amazonaws.com/admin.annarbortshirtcompany.com/proof_images/15277/Krystle_Bednark_NAMES_ON_TRAVEL_CASES_job2.png
57071	12560	HBH Tee	""	http://s3.amazonaws.com/admin.annarbortshirtcompany.com/proof_images/15273/2014-02-25_Barbara_Ruth_HBH.png
57075	12564	Carter Family Reunion (Feb 2014)	""	http://s3.amazonaws.com/admin.annarbortshirtcompany.com/proof_images/15301/Rhoda_Carter_GRAHAM_FAMILY_REUNION_with_up.png
57080	12572	Patriot Packaging Hats 2	""	http://s3.amazonaws.com/admin.annarbortshirtcompany.com/proof_images/15353/Jay_Jackson_PATRIOT_PACKAGING.png
57084	12580	Hoodies - Red print on chest	Red ink on chest	http://s3.amazonaws.com/admin.annarbortshirtcompany.com/proof_images/15377/Amir_Rad_THRIVE_GYM_PT_2_job_1.jpg
57109	12637	CF-XXX Hats	""	http://s3.amazonaws.com/admin.annarbortshirtcompany.com/proof_images/15495/Rick_Pluth_CF-XXX_HATS.png
57115	12647	T-Shirt (BACK PRINT INCLUDED)	""	http://s3.amazonaws.com/admin.annarbortshirtcompany.com/proof_images/15469/Amelia_Lopez_NATALIES_CLASS_job2.png
57119	12654	Personal (Back print ONLY)	""	http://s3.amazonaws.com/admin.annarbortshirtcompany.com/proof_images/15557/Mike_Gittleson_GET_STRONG_TIRES_job3.png
57120	12655	AA dance reprint	""	http://s3.amazonaws.com/admin.annarbortshirtcompany.com/proof_images/15545/Melissa_Martin_AA_DANCE_CLASSICS.png
57081	12661	Job 3 - RUSH ADULT	""
57081	12662	Job 4 - RUSH YOUTH	""
57086	12670	Job 5 - Three Laws	""	http://s3.amazonaws.com/admin.annarbortshirtcompany.com/proof_images/15519/Brandon_Laycock_EMU_PHYSICS_SHIRTS_SPRING_2014_JOB_5.png
57119	12673	Personal (back print) BLack Ink	""	http://s3.amazonaws.com/admin.annarbortshirtcompany.com/proof_images/15559/Mike_Gittleson_GET_STRONG_TIRES_job4.png
57143	12694	KAF 64th MDVSS Shepherd's Dangerous Friend	Red tees from rangerup.com with print on front and back.
57147	12701	Broughman Jerseys (Transfer)	""	http://s3.amazonaws.com/admin.annarbortshirtcompany.com/proof_images/15571/Keely_Sanders_BROUGHMAN_JERSEYS.png
57153	12710	BHCS Polo's (Youth)	""	http://s3.amazonaws.com/admin.annarbortshirtcompany.com/proof_images/15573/Maria_Valladares_BHCS_POLOS_job1.png
57154	12713	Ugly Dog Tees	""	http://s3.amazonaws.com/admin.annarbortshirtcompany.com/proof_images/15565/Gordy_Mercado_UGLY_DOG_DECEMBER_job_3.png
57157	12716	Abs Tank Reprint	""	http://s3.amazonaws.com/admin.annarbortshirtcompany.com/proof_images/15563/Amelia_Lopez_NATALIES_CLASS_job1.png
57164	12727	Clan Robertson (RETAIL Tees)	""
57180	12747	Jersey Numbers (Transfers)	""	http://s3.amazonaws.com/admin.annarbortshirtcompany.com/proof_images/15641/Paul_nye.png
57183	12750	Slayer Tee	""	http://s3.amazonaws.com/admin.annarbortshirtcompany.com/proof_images/15657/Abbey_Colville_SLAYER_TEE.png
57187	12754	Michigan Law Hockey	""	http://s3.amazonaws.com/admin.annarbortshirtcompany.com/proof_images/15667/Max_Aidenbaum_MICHIGAN_LAW_HOCKEY.png
57194	12769	Michigan Daily Tee	""	http://s3.amazonaws.com/admin.annarbortshirtcompany.com/proof_images/15699/Sara_Marosi_MICHIGAN_DAILY.png
57198	12777	Sigma Gamma Rho	""	http://s3.amazonaws.com/admin.annarbortshirtcompany.com/proof_images/15681/Maureen_Hickley_SIGMA_GAMMA_RHO.png
57205	12791	Jackets	Navy jackets with Easter Seals logo on left chest	http://s3.amazonaws.com/admin.annarbortshirtcompany.com/proof_images/15763/Norb_Promo_EASTER_SEALS_job2.png
57220	12811	test	""
57212	12803	TrueVault	White ink across chest of blend shirt	http://s3.amazonaws.com/admin.annarbortshirtcompany.com/proof_images/15723/Proof_Truevault.png
57213	12804	test	1
57234	12837	Blank Long Sleeves (BRING TO FRONT)	""
57236	12839	Pilot - Gray shirts****Lob - Ship BLIND****	Blue pilot logo on chest	http://s3.amazonaws.com/admin.annarbortshirtcompany.com/proof_images/15817/Dan_Zhao_PILOT_job1.png
57236	12840	Pilot - Blue Shirts ***Ship blind****	White logo on chest	http://s3.amazonaws.com/admin.annarbortshirtcompany.com/proof_images/15819/Dan_Zhao_PILOT_job2.png
57248	12861	Jinn Shipping	""
57249	12862	ING Lab Coats (RUSH)	""	http://s3.amazonaws.com/admin.annarbortshirtcompany.com/proof_images/15805/Troy_Stein_ING_LAB_COATS.png
57252	12866	KAF World Cup 2014 Jerseys - NO PRINTS, JERRY is HANDLING ALL	Various jerseys acquired at retail rates and forwarded to KAF.
57268	12892	REV. BBQ (transfer)	""
57306	12973	Green Camo Jerseys (SUBLIMATION)	""
57306	12974	Sand Camo (Sublimation)	""
57320	12996	black ink	""
57321	12999	Las Tres Amigas	""
57325	13004	screen	""
57340	13022	Hats (Blank)	""
57322	13028	Additional garments (same)	""
57358	13046	Oboes (Rush) 4/3/14	""	http://s3.amazonaws.com/admin.annarbortshirtcompany.com/proof_images/16161/Anna_Hayman_OBOE_TEES.png
57327	13058	Sweatshirts (Same as Job 1)	""	http://s3.amazonaws.com/admin.annarbortshirtcompany.com/proof_images/16145/Victors_Smolyanov_VICTORS_ROOFING_Job1.png
57300	13063	Practice Shirts (# Back)	""	http://s3.amazonaws.com/admin.annarbortshirtcompany.com/proof_images/16359/Jon_Bullock_BLUE_LEP_FUTBOL_TEES_job2.png
57383	13083	Vis A Vis (Jacket Names)	""	http://s3.amazonaws.com/admin.annarbortshirtcompany.com/proof_images/16349/Scott_Roberts_JACKET_NAMES.png
57389	13092	Hats	""
57391	13097	Regal Building Services (Royal Print)	""	http://s3.amazonaws.com/admin.annarbortshirtcompany.com/proof_images/16539/Carol_Tennyson_REGAL_BUILDING_SERVICE_job1.png
57391	13098	Regal Building Services (Royal Print)	""	http://s3.amazonaws.com/admin.annarbortshirtcompany.com/proof_images/16541/Carol_Tennyson_REGAL_BUILDING_SERVICE_job2.png
57394	13101	Blank Jackets (SHIP TO GENE)	""
57396	13107	UM Figure Skating Applique	Maize applique across back of provided jackets.	http://s3.amazonaws.com/admin.annarbortshirtcompany.com/proof_images/16311/Merrick_Jacob_UM_FIGURE_SKATING_APPLIQUE.png
57338	13112	l & s darts S	""	http://s3.amazonaws.com/admin.annarbortshirtcompany.com/proof_images/16247/Anthony_Perkins_L_S_POLOS_Job_1.png
57405	13119	Sisterhood in Arms KAF	""	http://s3.amazonaws.com/admin.annarbortshirtcompany.com/proof_images/17097/Sarah_Wheal_SISTERHOOD_IN_ARMS.png
57406	13120	Semanske Kids	White ink on front of seven unique shirts.	http://s3.amazonaws.com/admin.annarbortshirtcompany.com/proof_images/16315/Joanna_Semanske_SEMANSKE_KIDS.png
57367	13125	Additional Tee	""
57420	13147	"Unique Names (Arial, 2"" Black) Front/0cB"	""	http://s3.amazonaws.com/admin.annarbortshirtcompany.com/proof_images/16603/Meghan_Lucero_BRIDAL_PARTY.png
57424	13151	Yak's Jerseys (white)	""	http://s3.amazonaws.com/admin.annarbortshirtcompany.com/proof_images/16319/Lewis_Fulcher_YAKS_HOCKEY_Job_1.png
57424	13152	Yak's Jersey (Black)	""	http://s3.amazonaws.com/admin.annarbortshirtcompany.com/proof_images/16321/Lewis_Fulcher_YAKS_HOCKEY_Job_2.png
57432	13166	Great Legs Winery (Trade)	""	http://s3.amazonaws.com/admin.annarbortshirtcompany.com/proof_images/16355/Jim_Granzotto_GREAT_LEGS_WINERY_job1.png
57438	13175	Boat Shirts	""	http://s3.amazonaws.com/admin.annarbortshirtcompany.com/proof_images/16469/Jason_Doyle_BOAT_SHIRTS.png
57446	13185	"Unique numbers on back (8"" Champ White) - NO PRINT OTHERWISE"	""	http://s3.amazonaws.com/admin.annarbortshirtcompany.com/proof_images/16415/Kaitlyn_Ashbaugh_LACROSSE_NUMBERS.png
57463	13208	Silver T-shirts	"Front :............Black ink only
Right Sleeve:.Black + White ink
Left Sleeve:...White + Gold + Black + Red ink
Back:.............Black ink only"	http://s3.amazonaws.com/admin.annarbortshirtcompany.com/proof_images/18753/1LT_Jason_Richmond_KAF_AIR_ASSAULT.png
57471	13224	Ross Equity Reprint	""	http://s3.amazonaws.com/admin.annarbortshirtcompany.com/proof_images/16453/Greg_Sanker_ROSS_PRIVATE_EQUITY.png
57489	13260	Tigers Tees (names and numbers only)	""	http://s3.amazonaws.com/admin.annarbortshirtcompany.com/proof_images/16561/Karen_Bowersox_TIGERS_TEES.png
57498	13276	Adult Tees	""
57498	13277	Youth Tees	""
57503	13282	Milan Road Angels MC	""	http://s3.amazonaws.com/admin.annarbortshirtcompany.com/proof_images/17141/Warren_Cheesewright_MILAN_ROAD_ANGELS_MC_Job1.png
57300	13286	Socks	""
57525	13336	JekyllHYDE Apparel	""	http://s3.amazonaws.com/admin.annarbortshirtcompany.com/proof_images/16729/Matthew_Adamcheck_JEKYLLHYDE.png
57529	13341	Dark Garments	""	http://s3.amazonaws.com/admin.annarbortshirtcompany.com/proof_images/16773/AATC-Promo_White_Chr.-Yellow_YOUTH.png	http://s3.amazonaws.com/admin.annarbortshirtcompany.com/proof_images/16777/AATC-Promo_White_Chr.-Yellow_INFANT.png
57529	13342	Light Garments	""	http://s3.amazonaws.com/admin.annarbortshirtcompany.com/proof_images/16775/AATC-Promo_Navy_YOUTH.png	http://s3.amazonaws.com/admin.annarbortshirtcompany.com/proof_images/16779/AATC-Promo_Navy_INFANT.png
57536	13350	"Provided Garments- Champ Red 4"" numbers on Front"	"Champ Red 4"" numbers transferred onto the front of the jersey. Below and to the Right of ""Dodgers"""	http://s3.amazonaws.com/admin.annarbortshirtcompany.com/proof_images/16811/Larry_Koch_DODGERS_JERSEY_NUMBERS.png
57533	13347	Diabetes Foundation Extras	""	http://s3.amazonaws.com/admin.annarbortshirtcompany.com/proof_images/16657/Julie_Weiss_DIABETES_FOUNDATION.png
57535	13349	Schroeder Tees	""	http://s3.amazonaws.com/admin.annarbortshirtcompany.com/proof_images/16841/Tom_Buczkowski_SCHROEDER_TEES.png
57552	13379	Tiny Titans Reprint	""	http://s3.amazonaws.com/admin.annarbortshirtcompany.com/proof_images/16713/Fatima_Tajuddin_TINY_TITANS_REPRINT.png
57553	13382	Rize Up Detroit Additional Tees	""	http://s3.amazonaws.com/admin.annarbortshirtcompany.com/proof_images/16753/Samara_McGahey_STAY_UP_DETROIT.png
57557	13390	Temperature Techs	""	http://s3.amazonaws.com/admin.annarbortshirtcompany.com/proof_images/16907/David_Allen_TEMPERATURE_TECHS_Job2.png
57564	13401	Blank Tees	""
57566	13404	Same Print--Due Later	""
57572	13412	Extra Police Tees	""	http://s3.amazonaws.com/admin.annarbortshirtcompany.com/proof_images/16787/Guido_Aidenbaum_RESERVE_POLICE.png
57573	13413	Development League Tees	""	http://s3.amazonaws.com/admin.annarbortshirtcompany.com/proof_images/16805/Jon_Kronberg_ONE_ON_ONE_YOUTH_2014-04-23.png
57579	13437	Additional Garment--same print + Transfers	""
57558	13439	additional garment--back print only--same art as job 2	""	http://s3.amazonaws.com/admin.annarbortshirtcompany.com/proof_images/16867/Mike_Gittleson_500KG_PENDULUM_STRENGTH_job2.png
57594	13444	Three Nick Moon	""	http://s3.amazonaws.com/admin.annarbortshirtcompany.com/proof_images/16899/Nick_Steinmetz_THREE_NICK_MOON.png
57603	13461	Pitch Slap	""	http://s3.amazonaws.com/admin.annarbortshirtcompany.com/proof_images/17033/Kaveh_Ipakchian_PITCH_SLAP_1.png
57621	13503	1 Color Logo	""	http://s3.amazonaws.com/admin.annarbortshirtcompany.com/proof_images/17001/Muruga_Booker_COSMIC_HOEDOWN_job2.png
57623	13505	ELE Tanks (5/2/14)	""
57620	13517	Additional Tee	""
57603	13521	additional tees	""
57635	13523	laugh a lot and take good care of each other	""	http://s3.amazonaws.com/admin.annarbortshirtcompany.com/proof_images/17191/Abby_Adams_LAUGH_ALOT.png
57629	13527	additional tee (Same)	""
57641	13533	Simpsonation Extra	""	http://s3.amazonaws.com/admin.annarbortshirtcompany.com/proof_images/16997/Matt_Simpson_SIMPSONATION_job1.png
57644	13538	Team Ryan and Rico	""	http://s3.amazonaws.com/admin.annarbortshirtcompany.com/proof_images/17041/Dave_Kim_RADIO_STATION_TEES_Job3.png
57647	13541	Terry B's	""	http://s3.amazonaws.com/admin.annarbortshirtcompany.com/proof_images/17051/Matthew-Shimmel-TERRY-B_S-POLOS-Embroidery.jpg
57598	13544	Youth Quote Tee (NAVY)	""	http://s3.amazonaws.com/admin.annarbortshirtcompany.com/proof_images/17083/Brooke_QUEST_NINJA_QUOTE_TEES_Job6.png
57662	13562	Black ink	Black ink on front and back of provided white and grey shirt.	http://s3.amazonaws.com/admin.annarbortshirtcompany.com/proof_images/17101/Fred_Neal_TEAM_FRED.png
57662	13563	White ink	White ink on front and back of black shirt.
57665	13566	KAF Memorial Day 5 Mile Run - Version 2 (w/ Left Sleeve Print)	""
57668	13570	Miller Landscaping	""
57678	13582	Michigan Nationals Travel Baseball	""	http://s3.amazonaws.com/admin.annarbortshirtcompany.com/proof_images/17115/Brian_Cooper_MICHIGAN_NATIONAL_TRAVEL_BASEBALL.png
57680	13584	Milan Road Angels MC	""	http://s3.amazonaws.com/admin.annarbortshirtcompany.com/proof_images/17139/Warren_Cheesewright_MILAN_ROAD_ANGELS_MC_Job1.png
57689	13597	Plymouth Oratorio Society Extras	""	http://s3.amazonaws.com/admin.annarbortshirtcompany.com/proof_images/17121/Colby_Cesaro_PLYMOUTH_ORATORIO_SOCIETY_Job6.png
57629	13598	additional tee (same)	""
57699	13611	Med Test Print	""	http://s3.amazonaws.com/admin.annarbortshirtcompany.com/proof_images/17353/Raghav_Ramkumar_MED_TEST_PRINT.png
57704	13616	Binc Foundation	""	http://s3.amazonaws.com/admin.annarbortshirtcompany.com/proof_images/17241/Kit_Steinway_BINC_FOUNDATION.png
57708	13622	Shorts (reversible)	""	http://s3.amazonaws.com/admin.annarbortshirtcompany.com/proof_images/17311/Jon_Kronberg_O3_BASKETBALL_JERSEYS_job_1.png
57714	13630	Team Neal	""	http://s3.amazonaws.com/admin.annarbortshirtcompany.com/proof_images/17195/Fred_Neal_TEAM_FRED_v2.png
57733	13651	Pike Applique	""	http://s3.amazonaws.com/admin.annarbortshirtcompany.com/proof_images/17349/Kevin_Parzuchowski_PIKE_APPLIQUE.png
57755	13674	Im Kind of a Big Dill (5/16/14)	""	http://s3.amazonaws.com/admin.annarbortshirtcompany.com/proof_images/17299/Richard_Winowiecki_IM_KIND_OF_A_BIG_DILL.png
57756	13676	BGK Bulls (SAME FRONT, 88 on back of all of them)	""	http://s3.amazonaws.com/admin.annarbortshirtcompany.com/proof_images/17365/Larry_Williams_BGK_BULLS_job2.png
57763	13689	Firebird Tee 2	""	http://s3.amazonaws.com/admin.annarbortshirtcompany.com/proof_images/17499/Willie_Thompson_FIREBIRD_TEE_2.png
57766	13697	Global Education Tees	""	http://s3.amazonaws.com/admin.annarbortshirtcompany.com/proof_images/17307/Marwan_Issa_GLOBAL_EDUCATION.png
57767	13699	MJU monogram	""	http://s3.amazonaws.com/admin.annarbortshirtcompany.com/proof_images/17325/Kelley_Gottschang_MJU_MONOGRAM.png
57801	13748	"JH - ""Heavy"" Series"	Cool Grey 10 print on front and back	http://s3.amazonaws.com/admin.annarbortshirtcompany.com/proof_images/17695/Mathew_Adamcheck_HEAVY_SERIES.png
57806	13754	#'s on back only	""
57810	13759	Blank Shirts	""
57824	13782	TONY	White tee with black and red ink on front	http://s3.amazonaws.com/admin.annarbortshirtcompany.com/proof_images/17435/Dan_Zhao_LOB_PERSONAL_job2.png
57833	13794	WWF retail tee	""
57837	13798	ThoughtWorks - Rainbow 3	http://s3.amazonaws.com/admin.annarbortshirtcompany.com/proof_images/15891/Chisa_Nwabara_THOUGHTWORKS_RAINBOW.png	http://s3.amazonaws.com/admin.annarbortshirtcompany.com/proof_images/17481/Chisa_Nwabara_THOUGHTWORKS_RAINBOW_5-21-2014.png
57838	13799	Cherry Bomb Totes	""	http://s3.amazonaws.com/admin.annarbortshirtcompany.com/proof_images/17485/Cherri_Bomb_MERCH_tote_bags.png
57838	13800	Buttons	""	http://s3.amazonaws.com/admin.annarbortshirtcompany.com/proof_images/17483/Cherri_Bomb_MERCH_buttons.png
57843	13808	Keep calm and stay sterile	""	http://s3.amazonaws.com/admin.annarbortshirtcompany.com/proof_images/17489/Melissa_Newton_KEEP_CALM_AND_STAY_STERILE.png
57851	13817	JDP Concepts Tees (Black Logo)	""	http://s3.amazonaws.com/admin.annarbortshirtcompany.com/proof_images/17623/James_Hrivnak_JDP_CONCEPTS_job1_5-28-2014.png
57857	13826	Cinchpacks	""
57858	13827	KAF - Operational Stress Control	""	http://s3.amazonaws.com/admin.annarbortshirtcompany.com/proof_images/18033/Dr_Saacha_Hake_KAF_OPERATIONAL_STRESS_CONTROL.png
57861	13831	Custom Clan Bruce Tee	""
57863	13833	misc_syllabus (Retail design)	IT'S ON THE F***ING SYLLABUS - Retail Design
57863	13834	"""IT'S ON THE SYLLABUS"""	"""IT'S ON THE SYLLABUS"" (not a retail design)"
57868	13843	blank tees	""
57911	13900	Breast Cancer Fight	"Game over - pink ink (fuschia)
face - orange ink
breast cancer - fuschia
back"	http://s3.amazonaws.com/admin.annarbortshirtcompany.com/proof_images/17697/Elizabeth_Tucker_BREAST_CANCER_FIGHT.png
57912	13901	Graduation Ceremony	""	http://s3.amazonaws.com/admin.annarbortshirtcompany.com/proof_images/17649/Hamidreza_Tavafoghi_GRADUATION_CEREMONY.png
57927	13927	AATC Logo	""
57931	13939	eagle feather on cap	""
57936	13946	Baseball Raglans	""	http://s3.amazonaws.com/admin.annarbortshirtcompany.com/proof_images/18061/Rory_Gould_ArborSide_job4.png
57936	13947	Polos	""	http://s3.amazonaws.com/admin.annarbortshirtcompany.com/proof_images/18067/Betsy_Furujhelm_ARBORSIDE.png
57936	13948	Hats	""
57938	13950	Preschool Clinic	""
57941	13955	Blank Shirts	""
57923	13958	blank white tees	""
57950	13968	ND Alumni Reprint	""
57956	14002	Blanks	""
57974	14016	QL Boss Tees	""
57977	14020	The Ders	""	http://s3.amazonaws.com/admin.annarbortshirtcompany.com/proof_images/18155/Andres_Blibeche_MINION_SHIRTS_job1.png
57977	14021	Minion Force	""	http://s3.amazonaws.com/admin.annarbortshirtcompany.com/proof_images/18157/Andres_Blibeche_MINION_SHIRTS_job2.png
57985	14036	Sam Blanket	""	http://s3.amazonaws.com/admin.annarbortshirtcompany.com/proof_images/17797/Stacey_Duke_BLANKET_EMBROIDERY.png
57973	14038	Client Shirts	""	http://s3.amazonaws.com/admin.annarbortshirtcompany.com/proof_images/17859/Susan_Zaitounh_RAINBOW_REHAB_job2.png
57989	14042	Global Education Excellence Samples (white + purple)	""	http://s3.amazonaws.com/admin.annarbortshirtcompany.com/proof_images/18193/Marwan_Issa_GLOBAL_EDUCATION_EXCELLENCE_job1.png
57996	14054	Star Wars Shirt	""
58007	14068	Women's Shirts	""	http://s3.amazonaws.com/admin.annarbortshirtcompany.com/proof_images/17895/Ron_Jaynes_HURON_CONTRACTING_job2.png
58015	14078	Im Helping, Part 2	""	http://s3.amazonaws.com/admin.annarbortshirtcompany.com/proof_images/17889/Pat_Davis_IM_HELPING_ARE_YOU_grey.png
57936	14084	Black Shirts	""	http://s3.amazonaws.com/admin.annarbortshirtcompany.com/proof_images/18065/Rory_Gould_ARBORSIDE_job_4.png
57936	14085	Tultex Tee	""	http://s3.amazonaws.com/admin.annarbortshirtcompany.com/proof_images/18069/Rory_Gould_ARBORSIDE_job_5.png
57936	14086	White Shirts	""	http://s3.amazonaws.com/admin.annarbortshirtcompany.com/proof_images/18071/Rory_Gould_ARBORSIDE_job_6.png
58038	14111	Black shirts (gold sphere, silver divider, gold inora)	""	http://s3.amazonaws.com/admin.annarbortshirtcompany.com/proof_images/18017/Nick_Turicek_INORA_POLOS_job1.png
58038	14112	Red Shirt, Charcoal Shirt, Navy Shirt, Blue Shirt (light green sphere, silver divider, silver inora)	""	http://s3.amazonaws.com/admin.annarbortshirtcompany.com/proof_images/18019/Nick_Turicek_INORA_POLOS_job2.png
58038	14113	light colored shirts (dark green sphere, black divider, black inora)	""	http://s3.amazonaws.com/admin.annarbortshirtcompany.com/proof_images/18021/Nick_Turicek_INORA_POLOS_job3.png
58048	14130	Who Shot Diego? Fr/ bk	""	http://s3.amazonaws.com/admin.annarbortshirtcompany.com/proof_images/17997/Marianne_Palojarvi_WHO_SHOT_SANDIEGO.png
58051	14146	Blank Shorts	""
58063	14148	FCI Milan Shirts	""
58066	14151	Names on Screen	"Cool Papa G

Poppy

K.Ford"
58072	14159	Order 1 - Ship to Mountainview, CA	White ink across chest	http://s3.amazonaws.com/admin.annarbortshirtcompany.com/proof_images/18075/Dan_Zhao_LOB_MICROSOFT.png
58072	14160	Order 2 - Los ANgeles, CA	White ink across chest, same as order 1
58396	14646	Medium AA Shirts-Attn Joey Richter	""
58088	14181	Technical Communication Shirts	""	http://s3.amazonaws.com/admin.annarbortshirtcompany.com/proof_images/18153/Judith_Steeh_TECHNICAL_COMMUNICATION_2014.png
58092	14187	Blank Tees	""
58177	14299	Ratcliff Construction (Long Sleeves/ Hoodies) SAME PRINT AS TEES	""
58193	14314	Lake Eunice Chapter	""	http://s3.amazonaws.com/admin.annarbortshirtcompany.com/proof_images/18429/Karen_Sager_MINNESOTA_DRINKING_CLUB.png
58196	14319	Annie Tees	""	http://s3.amazonaws.com/admin.annarbortshirtcompany.com/proof_images/18375/Starkid_Summer_ANNIE_job1.png
58196	14320	Dark Ride Tees	""	http://s3.amazonaws.com/admin.annarbortshirtcompany.com/proof_images/18377/Starkid_Summer_DARKRIDE_job2.png
58196	14321	Happy Trails Tees	""	http://s3.amazonaws.com/admin.annarbortshirtcompany.com/proof_images/18379/Starkid_Summer_HAPPYTRAILS_job3.png
58196	14322	Trail to Oregon Tees	""	http://s3.amazonaws.com/admin.annarbortshirtcompany.com/proof_images/18381/Starkid_Summer_OREGON_job4.png
58196	14324	Summer Season Tote	""	http://s3.amazonaws.com/admin.annarbortshirtcompany.com/proof_images/18383/Starkid_Summer_TOTE_job5.png
58196	14325	Buttons (3 buttons per pack)	""	http://s3.amazonaws.com/admin.annarbortshirtcompany.com/proof_images/18385/Starkid_Summer_Buttons_job6.png
58199	14328	Transfers, white	""
58194	14346	Pizzatarian. It's a personal choice.	""	http://s3.amazonaws.com/admin.annarbortshirtcompany.com/proof_images/18411/Peter_Zora_4TH_OF_JULY_CHEWD.png
58194	14347	Survival Checklist Chewd Water Shelter	""
58194	14348	Didn't your mother tell you to Chewd your food?	""
58194	14349	Chewd is the way to my heart	""
58194	14350	I didn't choose the foodie life, the foodie life chose me	""
58194	14352	Hanger Management Consultant	""
58194	14353	Trust your gut	""
58194	14354	Call it in? Ain't nobody got time fa' that	""
58194	14355	Order your heart out, kid	""
58194	14356	Hangry Definition	""
58194	14357	Bacon Diagram	""
58228	14382	First Baptist Polo's	""	http://s3.amazonaws.com/admin.annarbortshirtcompany.com/proof_images/18475/Jon_FIRST_BAPTIST.png
58229	14383	Messi # 10 Transfer	""
58230	14384	John DeGrandis III	""	http://s3.amazonaws.com/admin.annarbortshirtcompany.com/proof_images/18423/John_DeGrandis_DEGRANDIS_CONTRACTING_Job_1.png
58230	14385	John DeGrandis IV	no name on front of shirt	http://s3.amazonaws.com/admin.annarbortshirtcompany.com/proof_images/18425/John_DeGrandis_DEGRANDIS_CONTRACTING_Job_2.png
58230	14386	Joseph DeGrandis	""	http://s3.amazonaws.com/admin.annarbortshirtcompany.com/proof_images/18427/John_DeGrandis_DEGRANDIS_CONTRACTING_Job_3.png
58240	14405	JV Design 1	""	http://s3.amazonaws.com/admin.annarbortshirtcompany.com/proof_images/18737/Kelly_Vaughn_SALINE_CHEER_job1.png
58240	14406	JV Design 2	""	http://s3.amazonaws.com/admin.annarbortshirtcompany.com/proof_images/18739/Kelly_Vaughn_SALINE_CHEER_job2.png
58240	14407	JV Design 3	""	http://s3.amazonaws.com/admin.annarbortshirtcompany.com/proof_images/18741/Kelly_Vaughn_SALINE_CHEER_job3.png
58240	14408	Varsity Crew Necks	""	http://s3.amazonaws.com/admin.annarbortshirtcompany.com/proof_images/18763/Kelly_Vaughn_SALINE_CHEER_job4.png
58240	14409	Varsity Design 1	""	http://s3.amazonaws.com/admin.annarbortshirtcompany.com/proof_images/18743/Kelly_Vaughn_SALINE_CHEER_job5.png
58240	14410	Varsity Design 2	""	http://s3.amazonaws.com/admin.annarbortshirtcompany.com/proof_images/18747/Kelly_Vaughn_SALINE_CHEER_job6.png
58240	14411	Varsity Design 3	""	http://s3.amazonaws.com/admin.annarbortshirtcompany.com/proof_images/18749/Kelly_Vaughn_SALINE_CHEER_job7.png
58257	14436	Roller derby Jerseys (Transfers only)	""	http://s3.amazonaws.com/admin.annarbortshirtcompany.com/proof_images/18615/Sarah_Reinhardt_ROLLER_DERBY_JERSEYS.png
58258	14439	Adult Pocket Tee	""	http://s3.amazonaws.com/admin.annarbortshirtcompany.com/proof_images/18621/Grek_Powers_ARROWWOOD_HILLS_job3.png
58262	14445	Get Strong (FRONT ONLY)	""	http://s3.amazonaws.com/admin.annarbortshirtcompany.com/proof_images/18507/Mike_Gittleson_PENDULUM_STRENGTH_job2.png
58280	14470	Joe Moses Black Panda Bear (Premade Transfers)	""
58287	14480	Artrain - Mr. B's Joybox Express	Indigo Blue tees with creme print on front and back	http://s3.amazonaws.com/admin.annarbortshirtcompany.com/proof_images/18641/Matt_Nahan_MR_B_JOYBOX_EXPRESS.png
58291	14486	Polo Reprint (Defective Garment)	""	http://s3.amazonaws.com/admin.annarbortshirtcompany.com/proof_images/18629/Sarah_Spraetz_BLITZ_POLOS.png
58295	14490	Terumo Medical (7/14/14)	""	http://s3.amazonaws.com/admin.annarbortshirtcompany.com/proof_images/19127/Roxanna_Tackett_TERUMO_MEDICAL.png
58296	14495	The Stark Boys (John XL)	""	http://s3.amazonaws.com/admin.annarbortshirtcompany.com/proof_images/18759/Saundra_Stark_THE_STARK_BOYS.png
58296	14496	The Stark Boys (Christopher L)	""
58296	14497	The Stark Boys ((Michael YM)	""
58296	14498	The Stark Boys (Zachary YS)	""
58299	14501	I got It!	""	http://s3.amazonaws.com/admin.annarbortshirtcompany.com/proof_images/18757/Neil_Gerl_I_GOT_IT.png
58300	14503	Blank Shirts	""
58317	14523	KAF - Wear Blue Nike Order	Brokered shirts for KAF
58320	14530	Girls Tanks	""
58320	14531	Hats	""
58320	14532	AS Logo Shirts	""
58289	14557	Hoodie DTW-W	chest print	http://s3.amazonaws.com/admin.annarbortshirtcompany.com/proof_images/18789/Clayton_Strycker_MAC_OUTDOOR_TITLE.png
58354	14577	JCJ Contracting, Inc.	""	http://s3.amazonaws.com/admin.annarbortshirtcompany.com/proof_images/18983/Cameron_Guenther_COMPANY_LOGO_SHIRTS_job1.png
58369	14598	AATC Logo	""	http://s3.amazonaws.com/admin.annarbortshirtcompany.com/proof_images/18905/YTC-Promo_White_Chr.-Yellow.png
58371	14600	Ani T-Shirt	""	http://s3.amazonaws.com/admin.annarbortshirtcompany.com/proof_images/18865/Starkid_Summer_ANNIE_job1.png
58371	14601	Dark Ride Tees	""	http://s3.amazonaws.com/admin.annarbortshirtcompany.com/proof_images/18889/Starkid_Summer_DARKRIDE_job2.png
58371	14602	Happy Trails Tees	""	http://s3.amazonaws.com/admin.annarbortshirtcompany.com/proof_images/18869/Starkid_Summer_HAPPYTRAILS_job3.png
58371	14603	Trail to Oregon	""	http://s3.amazonaws.com/admin.annarbortshirtcompany.com/proof_images/18871/Starkid_Summer_OREGON_job4.png
58371	14604	Summer Season Tote	""	http://s3.amazonaws.com/admin.annarbortshirtcompany.com/proof_images/18875/Starkid_Summer_TOTE_job5.png
58371	14605	Button Packs	""	http://s3.amazonaws.com/admin.annarbortshirtcompany.com/proof_images/18877/Starkid_Summer_Buttons_job6.png
58373	14608	Concordia Soccer (7/17/14)	""	http://s3.amazonaws.com/admin.annarbortshirtcompany.com/proof_images/18881/Stephen-Shelton-CONCORDIA-SOCCER-CAMP-black-ink.jpg
58374	14609	Le Tour De Shores 2014	""	http://s3.amazonaws.com/admin.annarbortshirtcompany.com/proof_images/18967/Joe_Eovaldi_LE_TOUR_DE_SHORES_2014.jpg
58375	14610	Pants No Print	""
58085	14645	T-Shirts	""	http://s3.amazonaws.com/admin.annarbortshirtcompany.com/proof_images/19023/Susan_Stokley_VIBE_FIT.png
58375	14611	"shirts name transfer front/back 3"" black block style capital letters"	""	http://s3.amazonaws.com/admin.annarbortshirtcompany.com/proof_images/18955/Brian_Meloche_POLICE_UNIFORMS.png
58396	14647	Small AA Shirts-Attn Baldwin Pena	""
58374	14648	Additional shirts (No Names) Shipping to separate address	""
58409	14666	Front and Back white ink	""	http://s3.amazonaws.com/admin.annarbortshirtcompany.com/proof_images/19001/Barb_Mackey_HOUGHTON_LAKE.png
58416	14674	Pi Kappa Phi on back	Stitched block M on left chest and Pi Kappa Phi letters on back beneath collar	http://s3.amazonaws.com/admin.annarbortshirtcompany.com/proof_images/19005/IZOD_STITCHED_UM_POLOS_job1.png
58416	14675	Michigan Heart on Back	Stitched block M on left chest and Michigan outline with heart over Ann Arbor on back beneath collar	http://s3.amazonaws.com/admin.annarbortshirtcompany.com/proof_images/19007/IZOD_STITCHED_UM_POLOS_job2.png
58441	14714	Polo 2 locations	""	http://s3.amazonaws.com/admin.annarbortshirtcompany.com/proof_images/19055/Sarah_Spraetz_BLITZ_POLOS.png
58085	14731	T-shirt same print as job 1	""
58454	14733	Hat	"Front, 1971: cross (same as previous order)

Back, 1971: life (half the height as previous order)"	http://s3.amazonaws.com/admin.annarbortshirtcompany.com/proof_images/19135/Junior_Freeman_CROSS_HAT_EMB.png
58462	14744	Starkid Dark Ride Re-Order	""	http://s3.amazonaws.com/admin.annarbortshirtcompany.com/proof_images/19107/Starkid_Summer_DARKRIDE_job2.png
58423	14756	Cowboy #33 (same front, transfer back)	""
58474	14759	Blank Tee	""
58469	14764	Additional Shirts (Same Art)	""
58484	14771	JDP Concepts Hats	""
58487	14779	Wolverine Athletics LLC	""	http://s3.amazonaws.com/admin.annarbortshirtcompany.com/proof_images/19193/Pat_Cavanaugh_WOLVERINE_ATHLETICS_LLC.png
58475	14780	Additional Shirts (SAME PRINT)	""
58493	14786	Man Chest Hair	White print on front of red shirts
58493	14787	Hala Madrid	""
58499	14797	EMU Honors Day Blank Shirts - NO PRINT	Blank black and forest shirts, to be given to Barrie for EMU Honors College event.
58492	14841	transfers	""	http://s3.amazonaws.com/admin.annarbortshirtcompany.com/proof_images/19265/emu_honors_proof.png	http://s3.amazonaws.com/admin.annarbortshirtcompany.com/proof_images/19267/emu_proudparent_proof.png
58540	14862	Twin County Pools	Ash grey shirts with royal print on front and back.	http://s3.amazonaws.com/admin.annarbortshirtcompany.com/proof_images/19365/Randy_Cestaro_TWIN_COUNTY_POOLS.png
58546	14872	Blank Polo's	""
58581	14921	Get Strong (FRONT PRINT ONLY)	""	http://s3.amazonaws.com/admin.annarbortshirtcompany.com/proof_images/19427/Mike_Gittleson_PENDULUM_STRENGTH_job2.png
58581	14923	Same Print as job 1 (White Ink)	""	http://s3.amazonaws.com/admin.annarbortshirtcompany.com/proof_images/19515/Mike_Gittleson_GET_STRONG_TIRES_job2.png
58538	15037	Different Bags	""
58636	15066	"Adult Name Transfers on back, 2.5x14"" Black Full Block"	""	http://s3.amazonaws.com/admin.annarbortshirtcompany.com/proof_images/19551/Rae_Valentine_NAME_TRANSFERS.png
58636	15067	"Youth Name Transfers on back, 2.5x11"" Black Full Block"	""
58647	15081	Blank Samples	""
58648	15083	Blank Tees	""
58649	15084	Blank Shirts	""
58564	15096	additional tees	""
58052	15125	Additional Shirts for Job 1	""
58684	15143	Top Shelf Chest Training	""
58684	15144	Wheelz Training	""
58684	15145	Shoulder Boulder Time	""
58684	15146	Core/Get it Twisted	""
58684	15147	Mental Control/Cardio King	""
58684	15148	B's T's Let's Get it Done	""
58684	15149	You Know What Time it is, Killer 21's	""
58684	15150	Barn Door Training	""
58695	15167	T-shirts	"Front, under base, signal green: YPSI BAR-STAR 
Back,under base, signal green: Here's your timely warning
Bar Crawl 2014"	http://s3.amazonaws.com/admin.annarbortshirtcompany.com/proof_images/19933/Autum_Mckeen_YPSI_BAR-STAR.png
58709	15186	KAF COP Keating Memorial Run	Graphite 4420 tees with screen print on front, back, and sleeve.	http://s3.amazonaws.com/admin.annarbortshirtcompany.com/proof_images/20579/MAJ_Joel_Feltz_KAF_COP_KEATING_MEMORIAL_RUN.png
58713	15189	3XL Tag Prints - 15 shirts	""
58764	15260	White Ink Transfers	Keep Calm It's Gonna Be Totally Awesome
58768	15267	Samples	""
58819	15344	Jerseys	""	http://s3.amazonaws.com/admin.annarbortshirtcompany.com/proof_images/20379/Christianne_Myers_MUSTANGS_TEES_job4.png
58819	15385	Blank Pants	""
58843	15399	toddler tees	""
58812	15451	additional tees (same as job 1)	""
58871	15427	Blanks - Ship Upon Receipt (no printing)	blank garments to ship out upon receipt. no print or stitch
58872	15428	Blank Tees	blank tees
58873	15429	Lob - HACKTECH ***SHIP BLIND***	White print on front of heather red Tultex tees.	http://s3.amazonaws.com/admin.annarbortshirtcompany.com/proof_images/20297/Dan_Zhao_HACKTECH.png
58812	15433	Champion (Option 1)	""	http://s3.amazonaws.com/admin.annarbortshirtcompany.com/proof_images/20273/Dan_Kellum_MULL_ROAD_CLASSIC_job2.png
58819	15477	"Softball Jersey Back Name Transfer 2"" Tall - White - ARCHED"	""	http://s3.amazonaws.com/admin.annarbortshirtcompany.com/proof_images/20381/Christianne_Myers_MUSTANGS_TEES_job5.png
58903	15488	#9 Shirts for Gameday Workers	White print on front and back of black shirts	http://s3.amazonaws.com/admin.annarbortshirtcompany.com/proof_images/20391/Gerald_Kozak_9_SHIRTS_FOR_GAMEDAY_WORKERS.png
58914	15503	Applique	""
58958	15572	"LANE 81 Transfer (white 8"", 3"" full block)"	""	http://s3.amazonaws.com/admin.annarbortshirtcompany.com/proof_images/20869/Orlando_Featherstone_LANE_81_TRANSFER.png
58921	15521	"2.5x11"" White Full Block Name + 8"" Champ White Number"	""	http://s3.amazonaws.com/admin.annarbortshirtcompany.com/proof_images/20473/Katrina_Sadis_NAME_NUMBER_TRANSFERS.png
58934	15537	T-shirts	With Clan Richardson underneath	http://s3.amazonaws.com/admin.annarbortshirtcompany.com/proof_images/20965/Dr_Donald_Richardson_CLAN_RICHARDSON_MOD.png
58941	15545	My aunt can bench press -tshirt- grey	""	http://s3.amazonaws.com/admin.annarbortshirtcompany.com/proof_images/20585/Jessica_Snowden_MY_AUNT_BENCH_PRESS.png
58952	15559	Unisex Tee	White tees with blue print on front and back	http://s3.amazonaws.com/admin.annarbortshirtcompany.com/proof_images/20653/Lori_Knight_AARON_CARTER_WORLD_TOUR_job1.png
58956	15570	"Customer Provided - Adult Shirts - Back TN+# (yellow, 2.5x14"" Full Block, 8"" Champ)"	""	http://s3.amazonaws.com/admin.annarbortshirtcompany.com/proof_images/20705/Carlos_Murga_SOCCER_TRANSFERS.png
58957	15571	"Customer Provided - Hockey Jersey Green - Back # Transfer (white, 8 or 10"" Champ)"	""
58709	15573	additional shirts (to job 1)	""
58967	15588	3 Shirts ***LOB, SHIP BLIND***	White ink on chest of 3 blend tees	http://s3.amazonaws.com/admin.annarbortshirtcompany.com/proof_images/20645/Dan_Zhao_INBOX.png
58977	15600	"Number Transfers (8"" champ White)"	""	http://s3.amazonaws.com/admin.annarbortshirtcompany.com/proof_images/20709/Ben_Coultes_NUMBER_TRANSFERS.png
58964	15603	Grey Clothing (navy ink)	""	http://s3.amazonaws.com/admin.annarbortshirtcompany.com/proof_images/20661/Christine_De_Leeuw_M-POLO_job2.png
58937	15606	Addition to Job 1	""
58987	15617	Pioneer Soccer #'s (TRANSFERS DUE at 3:00 MONDAY)	""
59097	15781	1. Pioneer--Purple (white/ black ink)	""	http://s3.amazonaws.com/admin.annarbortshirtcompany.com/proof_images/20903/Maadhavi_Reddi_PIONEER_PTO_job_3.jpg
58989	15620	Adult t-shirts	""
58993	15624	Transfers	10 sheets	http://s3.amazonaws.com/admin.annarbortshirtcompany.com/proof_images/20753/Buddies-thumb.png
59019	15664	Jack O' Lantern Ladies	""
59035	15693	Buttons	""	http://s3.amazonaws.com/admin.annarbortshirtcompany.com/proof_images/20815/William_Hepburn_THE_DOZEN_MEMORIAL_SHIRTS_job1.png
59028	15680	blank Hoodie	""
59577	16602	I SPeak for the Trees	Small Daisy tee with white ink on front	http://s3.amazonaws.com/admin.annarbortshirtcompany.com/proof_images/22239/Josh_Bloom_I_SPEAK.png
59055	15719	Oak Park Trojans Blank Hoodies	""
59057	15721	blanks	""
59072	15736	Lob - MLH - ****SHIP BLIND**** (reprint)	Navy American Apparel tees with white print on front and back. Unique Names and Numbers.	http://s3.amazonaws.com/admin.annarbortshirtcompany.com/proof_images/20931/Dan_Zhao_LOB_MLH_dtgw.png
59097	15782	2. Pioneer (purple/ white) ink	"Black and Grey garments

purple/ white ink"	http://s3.amazonaws.com/admin.annarbortshirtcompany.com/proof_images/20905/Maadhavi_Reddi_PIONEER_PTO_job_1.jpg
59097	15788	7. Ann Arbor  Pioneer (white/ Black)	black/ white ink---purple garments	http://s3.amazonaws.com/admin.annarbortshirtcompany.com/proof_images/20919/Maadhavi_Reddi_PIONEER_PTO_job_2__1_.jpg
59097	15789	8. Ann Arbor Pioneer (purple only) white tees	""	http://s3.amazonaws.com/admin.annarbortshirtcompany.com/proof_images/20921/Maadhavi_Reddi_ANN_ARBOR_PIONEER_Job_6.png
59097	15790	9. Circle Logo (white logo)	white ink (purple, black)	http://s3.amazonaws.com/admin.annarbortshirtcompany.com/proof_images/20923/Maadhavi_Reddi_ANN_ARBOR_PIONEER_PTO_job_1.png
59042	15814	additional tee (Same)	""
58909	15870	additional garment (SAME ART)	""
59138	15868	Blank Jackets (Bring to Front)	""
59094	15894	Addition to Job 1	""
59160	15989	Blank Garments	""
59171	15910	Green hoodie Applique 2 colors	"Greek letters Applique
Forest Green white letters with black outline

Phi Sigma Phi"	http://s3.amazonaws.com/admin.annarbortshirtcompany.com/proof_images/21159/Jacob_Reed_PHI_SIGMA_PHI.png
59181	15949	T shirt and Hoodie	Can Reuse the same screen for these garments	http://s3.amazonaws.com/admin.annarbortshirtcompany.com/proof_images/21283/Adam_Feinberg_EMU_ATSO_2014_job2.png
59183	15951	Hoodies	""	http://s3.amazonaws.com/admin.annarbortshirtcompany.com/proof_images/21187/James_Hrivnak_JDP_CONCEPTS_HOODIES.png
59189	15961	Blank Jean Shirts	""
58809	15962	Addition to Job 1	""
59146	15968	Addition to Job 1	""
59132	15987	additional tee (Same)	""
58913	15992	Blank Shorts	""
59209	15996	Maple Fawks 2.0	""	http://s3.amazonaws.com/admin.annarbortshirtcompany.com/proof_images/21255/Chrissy_Fleck_MAPLE_FAWKS.png
59211	15998	Burlap Sacks	Purple ink on burlap sacks.	http://s3.amazonaws.com/admin.annarbortshirtcompany.com/proof_images/21289/Pam_Wilson_BURLAP_SACKS.png
59213	16000	Blank Jackets (Bring to Front)	""
59214	16001	KAF FLS Part II	Augusta 790 sand polyester wicking tees with screen print on front, back, and both sleeves.	http://s3.amazonaws.com/admin.annarbortshirtcompany.com/proof_images/21345/TSgt_David_Riddick_KAF_FLS_PART_II.png
59215	16002	KAF FLS Part II	Augusta 790 sand polyester wicking tees with screen print on front, back, and both sleeves.	http://s3.amazonaws.com/admin.annarbortshirtcompany.com/proof_images/21347/TSgt_David_Riddick_KAF_FLS_PART_II.png
59188	16011	Additional Garments SAME PRINT	""
59234	16035	"Gud ""Nuff"	White ink on black tees	http://s3.amazonaws.com/admin.annarbortshirtcompany.com/proof_images/21265/Brian_Flynn_GUD_NUFF.png
59238	16039	EMU Speech	"stock image back, EMU E on front left chest

http://shop.annarbortees.com/products/eastern-speech-slash-language-pathology-tee-|-arched-green-outline-print

EMU E on left chest"
59208	16066	additional garment (SAME)	""
59203	16060	Addition to Job 1	""
59266	16078	TW - ThoughtWorks Dallas	White and yellow ink on front and back of dark grey heather t-shirts.	http://s3.amazonaws.com/admin.annarbortshirtcompany.com/proof_images/21367/Laura_Nash_THOUGHTWORKS_DALLAS.png
59204	16079	Addition to Job 1	""
59307	16163	FCMA Transfers	Retail >> Partners >> Four Corners Elementary >> fleece
59274	16091	EMU Giveaway Shirts	Ypsi T-shirt Co logo on front in white and green	http://s3.amazonaws.com/admin.annarbortshirtcompany.com/proof_images/21389/Jerry_Kozak_EMU_GIVEAWAY.png
59280	16100	Manzanitas (TBD)	""
59280	16101	Apple Play Schools (TBD)	""
59265	16114	Blank Garments	""
59288	16120	Ann Arbor Pioneer (Black/ White)	""	http://s3.amazonaws.com/admin.annarbortshirtcompany.com/proof_images/21451/ANN_ARBOR_PIONEER-Maadhavi_Reddi_Job7.jpg
59288	16121	Ann Arbor Pioneer (purple/ white)	""	http://s3.amazonaws.com/admin.annarbortshirtcompany.com/proof_images/21453/Maadhavi_Reddi_PIONEER_PTO_job_4.jpg
59279	16171	Addition to Job 1	""
59279	16172	Addition to Job 2	""
59313	16177	"TN (2.5x11"" Full Block, Navy)"	""	http://s3.amazonaws.com/admin.annarbortshirtcompany.com/proof_images/21569/Anna_Badalian_GOOGLE_CDL.png
59219	16193	Addition to Job 1	""
59328	16199	Sample Polos	""
59336	16209	Blank Scarf	""
59340	16213	Blank Sample	""
59341	16214	Raglan	""
59363	16247	Blank Sample Shirt	""
59364	16248	U.S.A. Sweatbands	http://www.amazon.com/gp/product/B00K87IBPQ
59365	16249	Blank Samples	""
59388	16288	Blank Samples	""
59409	16315	Blank Tees	""
59411	16317	Hockey Jerseys (Transfers!) tbd	""	http://s3.amazonaws.com/admin.annarbortshirtcompany.com/proof_images/22373/Ryan_Craig_HOCKEY_JERSEYS.png
59418	16326	14x6x6	Black Ink, AATC Logo on all four sides	http://s3.amazonaws.com/admin.annarbortshirtcompany.com/proof_images/22007/Nathan_Kurple_AATC_SHOE_BOXES.png
59423	16331	Blank	""
59424	16332	Blank	""
59434	16342	Oxfords Left Chest	Front, left chest, Red 1147 + Black: ERVIN	http://s3.amazonaws.com/admin.annarbortshirtcompany.com/proof_images/21833/Jack_Politz_ERVIN_INDUSTRIES.jpg
59451	16367	Faygo Luvers (applique)	""	http://s3.amazonaws.com/admin.annarbortshirtcompany.com/proof_images/22407/Scott_Donihoo_FAYGO_LUVERS.png
59419	16399	Addition to Job 1	""
59473	16403	Joe Moses Merch	""
59489	16425	Blank Sample	""
59510	16472	blank garments	""
59511	16475	One Direction Tour Shirts	""
59514	16481	Patriots	""	http://s3.amazonaws.com/admin.annarbortshirtcompany.com/proof_images/22169/Saahil_Karpe_SHIRTS_FOR_SAAHIL_job_3.png
59521	16502	Addition to Job 1	""
59527	16510	AXO Camo Hat (RETAIL)	""	http://s3.amazonaws.com/admin.annarbortshirtcompany.com/proof_images/22051/Laura_Klein_AXO_CAMO_HAT.png
59553	16566	Blank Tees	""
59556	16569	blank garments	""
59562	16577	Blank Samples	""
59563	16581	blank hoodies	""
59567	16585	Blank Sample	""
59569	16589	Equipment Sanitizing (10/30/14)	"Skates
Shin Pands
pants
elbow pads
chest protector
helmet
gloves"
59574	16597	blank garments	""
59573	16596	blank hat	""
59580	16609	Turf Green - Adult Tees - Crew Chief	""	http://s3.amazonaws.com/admin.annarbortshirtcompany.com/proof_images/22319/Jim_Westerhof_THE_CREW_job2.png
59581	16610	Blank Sweatpants (Bring to Front)	""
59598	16638	Transfers - 5 Year	""	http://s3.amazonaws.com/admin.annarbortshirtcompany.com/proof_images/22473/proof_14x16.png
59599	16641	Marine Corps Shirt	Screen print on left chest of shirt	http://s3.amazonaws.com/admin.annarbortshirtcompany.com/proof_images/22353/Gerald_Kozak_MARINE_CORPS_SAMPLES_job2.png
59600	16642	"TN (2.5x11"" Full Block, Navy)"	""	http://s3.amazonaws.com/admin.annarbortshirtcompany.com/proof_images/22357/Anna_Badalian_GOOGLE_CDL.png
59444	16662	Reprint (Same as Job 1)	""	http://s3.amazonaws.com/admin.annarbortshirtcompany.com/proof_images/22379/Gordy_Mercado_UGLY_DOG_DECEMBER_job_3.png
59615	16689	Blank Garments	""
59617	16697	HRYC Security Reprint	""	http://s3.amazonaws.com/admin.annarbortshirtcompany.com/proof_images/22385/Eric_Fretz_HURON_RIVER_YACHT_CLUB.png
59618	16698	M-Law Hockey	""	http://s3.amazonaws.com/admin.annarbortshirtcompany.com/proof_images/22387/Max_Aidenbaum_MICHIGAN_LAW_HOCKEY.png
59621	16702	ND Alumni Hoodie	""
59624	16707	Blank Apparel	""
59626	16710	Blanks	""
59627	16711	Blanks	""
59639	16736	T-shirt- Gray Circular design	"12"" wide
WHEEL MAN within a white circular design."	http://s3.amazonaws.com/admin.annarbortshirtcompany.com/proof_images/22447/Jill_Bryant_WHEEL_MAN_job1.png
59639	16737	T-shirt- Gray Distressed	"12"" wide in distressed lettering
WHEEL
MAN"	http://s3.amazonaws.com/admin.annarbortshirtcompany.com/proof_images/22449/Jill_Bryant_WHEEL_MAN_job2.png
59641	16739	Blank Garments	""
59661	16765	Purple/ Gold Applique	"Cannon
-Inside Color (Purple)
-Border Color (Gold)"
59661	16766	Gold/ Navy Blue (Applique)	"Lowenthal, Fox, McMann
-Inside Color (Gold)
-Border Color (Navy)"
59661	16767	Gold/ White	"Rutledge, Penland, Smiller
-Inside Color (Gold)
-Border Color (White)"
59661	16768	White/ Black	"Birmingham, 
-Inside Color (White)
-Border Color (Black)"
59661	16769	Red/ White	"Manny
-Inside Color (Red)
-Border Color (White)"
59661	17207	White/ White	"Aidan
Inside (white)
Outside (White)"
59666	16777	Blanks	""
59675	16791	Blanks	""
59678	16810	blank sample	""
59693	16843	Another Beautiful Day--North Muskegon	""
59694	16844	Burnside Short Prints	Printing costs incurred on Burnside shorts print.
59701	16853	Samples--SexLab	""
59702	16855	Blanks	""
59711	16864	Additional Coat--Victors Roofing	""	http://s3.amazonaws.com/admin.annarbortshirtcompany.com/proof_images/22575/Victor_Smolyanov_VICTORS_ROOFING.jpg
59695	16868	"Yellow - Adult Tees - T# (8"" Champ, Navy)"	""	http://s3.amazonaws.com/admin.annarbortshirtcompany.com/proof_images/22603/Rob_Stockman_PARKSIDE_LAUNDROMAT_job1.png
59695	16870	"Yellow - Adult Tees - T# (10"" Champ, Navy)"	""	http://s3.amazonaws.com/admin.annarbortshirtcompany.com/proof_images/22605/Rob_Stockman_PARKSIDE_LAUNDROMAT_job2.png
59714	16871	LC Halle Library Logo	http://admin.annarbortees.com/custom_orders/edit/57634	http://s3.amazonaws.com/admin.annarbortshirtcompany.com/proof_images/22625/Amber_Torok_EMU_LIBRARY_SPRING_2014_JOB_1.png
59719	16877	Blank Shorts	""
59664	16881	Addition to Job 1	""
59751	16940	"Customer Provided - T# (Champ 8"" Navy)"	""	http://s3.amazonaws.com/admin.annarbortshirtcompany.com/proof_images/22697/Scott_Thompson_HOCKEY_JERSEY.png
59781	17003	Blank Sample	""
59787	17013	Scarves - Blank, no Decoration	Scarves - Blank, no Decoration
59790	17016	tee- white - Dimensions TBD	""	http://s3.amazonaws.com/admin.annarbortshirtcompany.com/proof_images/23021/Washington_Osler_BACK_TO_YPSILANTI.png
59804	17038	Blank Samples	""
59806	17042	100 Red Bandanas	Red bandanas	http://s3.amazonaws.com/admin.annarbortshirtcompany.com/proof_images/22927/David_Randazzo_RED_BANDANAS.png
59812	17050	Blank Garments	""
59813	17051	Blank - no decoration	""
59837	17095	Samples	""
59723	17097	Addition to Job 1	""
59834	17100	hoodie Applique	"Phi Sigma Phi Greek Letters
Hanes F170 Dark Forest"	http://s3.amazonaws.com/admin.annarbortshirtcompany.com/proof_images/22983/Trevor_Heath_PHI_SIGMA_PHI_APP.png
59690	17138	Addition to Job 1	""
59841	17142	Addition to Job 1	""
59865	17160	Frog and stone	Frog design on Forest Green Hanes F260 Crew size Small	http://s3.amazonaws.com/admin.annarbortshirtcompany.com/proof_images/23101/Maria_Rodriguez_DTG_FLEECE_job1.png
59865	17161	Randazzo Fleece	Randazzo design on Navy Hanes F260 Crew size Large	http://s3.amazonaws.com/admin.annarbortshirtcompany.com/proof_images/23103/Maria_Rodriguez_DTG_FLEECE_job2.png
59873	17179	Blank Garments	""
59877	17184	Artwork / Logo Creation	@ $25 per hour
59661	17214	Gold/ Purple	"Dinhofer
Inside GOLD
Outside PURPLE"
59888	17215	Blank Garments	""
59901	17270	Addition to Job 2	""
59899	17235	Longnecker Nursery reprint	"Gildan 2800 in Forest Green
white ink on LC"	http://s3.amazonaws.com/admin.annarbortshirtcompany.com/proof_images/23127/Dustin_Longnecker_LONGNECKER_BUSINESS_job1.png
59907	17251	Hoodie - Yellow DTW+W	Front DTW+W
59917	17271	Blank Sample	""
59953	17339	blank tees	""
59964	17354	Loxo Tees	""	http://s3.amazonaws.com/admin.annarbortshirtcompany.com/proof_images/23321/Matt_Chambers_LOXO.png
59975	17368	"Forsythe Jerseys (3"" full block white, 8"" white champ)"	""	http://s3.amazonaws.com/admin.annarbortshirtcompany.com/proof_images/24091/Sean_Myint_FORSYTHE_JERSEYS_job1.png
59979	17377	Comp Health Art	""
59985	17388	Blank Garments [Bring to Front]	""
59987	17390	Blank - no decoration	samples
60002	17408	hoodie Applique 1 color	Std Red letters light gray Gray satin stitches on outline	http://s3.amazonaws.com/admin.annarbortshirtcompany.com/proof_images/23459/Nick_Stafford_PHI_SIGMA_PHI.png
59961	17416	Replacement Garments for Job 1	""
59633	17421	Addition to Job 1	""
60014	17424	blank beanie	""
60007	17428	additional - hoody	Tri-black tees with white ink across front and back
60032	17451	Blank Garments [Bring to Front]	""
59633	17459	Hats	""	http://s3.amazonaws.com/admin.annarbortshirtcompany.com/proof_images/23697/Jennifer_Ender_DREAMMAKER_REMODEL_job4.png
60015	17479	Addition to Job 1	""
59633	17483	Substitute Garment for Job 1	""
60056	17489	Blank Garments	""
60057	17490	Another Beautiful Day in Wimauma, Fl	""	http://s3.amazonaws.com/admin.annarbortshirtcompany.com/proof_images/23627/Alec_Markun_ANOTHER_BEAUTIFUL_DAY.png
60066	17501	Blank Sample	""
60093	17539	Battalion Shirts	""
60093	17540	NCO Shirts	""
60094	17541	Optimus Barbell Artwork	""
60077	17567	Added Jersey (SAME SPECS AS JOB 1)	""
56691	17731	Additional Hat	""
60029	18276	107.1 Stitch Out	""	http://s3.amazonaws.com/admin.annarbortshirtcompany.com/proof_images/24795/Sarah_Thomas_RADIO_STATION_STITCH_OUTS_107.png
